date,open,high,low,close,volume,ema7,ema17,enter_tag,support,resistance,enter_long
2024-04-09 00:00:00+00:00,71620.0,71758.19,70833.33,71285.0,4291.79016,,,,0.0,0.0,
2024-04-09 04:00:00+00:00,71285.0,71339.79,70110.0,70383.99,6190.35905,,,,0.0,0.0,
2024-04-09 08:00:00+00:00,70383.98,70905.26,69576.61,70794.85,6972.66696,,,,0.0,0.0,
2024-04-09 12:00:00+00:00,70794.84,70977.0,68535.03,69264.0,12156.24815,,,,0.0,0.0,
2024-04-09 16:00:00+00:00,69264.0,69320.0,68210.0,69000.77,6642.90689,,,,68210.0,0.0,
2024-04-09 20:00:00+00:00,69000.78,69439.6,68888.47,69146.0,3039.93121,,,,0.0,0.0,
2024-04-10 00:00:00+00:00,69146.0,69594.15,68466.63,69150.18,4540.58603,69860.68428571428,,,0.0,69594.15,
2024-04-10 04:00:00+00:00,69150.18,69515.0,69005.55,69336.28,2643.50253,69729.58321428571,,,0.0,0.0,
2024-04-10 08:00:00+00:00,69336.27,69336.28,68629.99,69043.0,4809.39998,69557.93741071428,,,0.0,0.0,
2024-04-10 12:00:00+00:00,69043.0,69204.28,67518.0,68657.32,13749.00779,69332.78305803571,,,67518.0,0.0,
2024-04-10 16:00:00+00:00,68657.31,70098.89,68556.0,70083.99,9298.63372,69520.58479352678,,,0.0,0.0,
2024-04-10 20:00:00+00:00,70084.0,71172.08,69581.03,70631.08,6964.89372,69798.20859514509,,,0.0,0.0,
2024-04-11 00:00:00+00:00,70631.08,71062.0,70285.13,70851.67,4013.72496,70061.57394635881,,,0.0,0.0,
2024-04-11 04:00:00+00:00,70851.66,71305.89,70378.11,70735.99,3777.07402,70230.1779597691,,,0.0,71305.89,
2024-04-11 08:00:00+00:00,70736.0,71256.27,69881.31,69983.16,5151.60119,70168.42346982683,,,0.0,0.0,
2024-04-11 12:00:00+00:00,69983.16,71100.0,69567.21,70000.0,11347.13026,70126.31760237012,,,69567.21,0.0,
2024-04-11 16:00:00+00:00,70000.0,70529.73,69574.88,70459.67,4574.37082,70209.65570177759,69929.82058823528,,0.0,0.0,
2024-04-11 20:00:00+00:00,70459.67,70746.09,69804.87,70006.23,3053.3547,70158.79927633319,69938.3105228758,,0.0,0.0,
2024-04-12 00:00:00+00:00,70006.22,70996.91,70002.22,70977.27,4545.17393,70363.4169572499,70053.7504647785,,0.0,0.0,
2024-04-12 04:00:00+00:00,70977.27,71227.46,70566.02,70764.01,3687.50378,70463.56521793742,70132.66819091422,,0.0,71227.46,
2024-04-12 08:00:00+00:00,70764.0,70972.0,70509.58,70904.01,3928.05462,70573.67641345307,70218.3728363682,,0.0,0.0,
2024-04-12 12:00:00+00:00,70904.0,70975.54,69236.95,69347.3,10668.68172,70267.0823100898,70121.58696566062,,0.0,0.0,
2024-04-12 16:00:00+00:00,69347.3,69580.0,65086.86,66843.98,26206.56931,69411.30673256735,69757.40841392055,,65086.86,0.0,
2024-04-12 20:00:00+00:00,66843.98,67440.0,66680.84,67116.52,7036.87893,68837.61004942551,69463.97636792938,,0.0,0.0,
2024-04-13 00:00:00+00:00,67116.52,67168.0,65731.27,67160.55,7747.05556,68418.34503706913,69208.04010482611,,0.0,0.0,
2024-04-13 04:00:00+00:00,67160.55,67929.0,67012.67,67446.52,5876.343,68175.38877780185,69012.31564873432,,0.0,67929.0,
2024-04-13 08:00:00+00:00,67446.53,67825.91,67090.83,67360.0,3376.15097,67971.54158335138,68828.72502109717,,0.0,0.0,
2024-04-13 12:00:00+00:00,67360.01,67926.0,67169.97,67676.0,3454.16666,67897.65618751354,68700.64446319749,,0.0,0.0,
2024-04-13 16:00:00+00:00,67675.99,67752.85,63750.01,64788.01,12176.97124,67120.24464063515,68265.90730061999,,0.0,0.0,
2024-04-13 20:00:00+00:00,64788.01,65608.09,60660.57,63924.51,38764.53276,66321.31098047637,67783.52982277333,,60660.57,0.0,
2024-04-14 00:00:00+00:00,63924.52,64303.87,62134.0,63437.55,14435.88247,65600.37073535728,67300.64317579851,,0.0,0.0,
2024-04-14 04:00:00+00:00,63437.55,64872.96,63394.0,64464.3,9667.37241,65316.35305151796,66985.49393404312,,0.0,0.0,
2024-04-14 08:00:00+00:00,64464.3,64887.99,63855.45,64166.05,7342.92314,65028.77728863847,66672.2223858161,,0.0,64887.99,
2024-04-14 12:00:00+00:00,64166.05,64848.49,63437.55,64180.97,10578.65201,64816.825466478855,66395.41656516987,,0.0,0.0,
2024-04-14 16:00:00+00:00,64180.98,64747.25,62573.66,64168.62,10439.26301,64654.77409985914,66147.99472459544,,62573.66,0.0,
2024-04-14 20:00:00+00:00,64168.62,65840.0,63326.42,65661.84,9135.08514,64906.54057489435,66093.97753297372,,0.0,0.0,
2024-04-15 00:00:00+00:00,65661.85,65867.45,64937.01,65138.19,6221.13657,64964.45293117077,65987.77891819886,,0.0,0.0,
2024-04-15 04:00:00+00:00,65138.2,66582.84,64683.01,66263.84,8889.70626,65289.299698378076,66018.45237173232,,0.0,0.0,
2024-04-15 08:00:00+00:00,66263.84,66867.07,65807.25,65860.12,6595.64794,65432.004773783556,66000.85988598428,,0.0,66867.07,
2024-04-15 12:00:00+00:00,65860.12,66399.0,63810.0,64568.81,11897.77903,65216.206080337666,65841.74323198602,,0.0,0.0,
2024-04-15 16:00:00+00:00,64568.8,64868.28,62274.4,63301.11,13199.26326,64737.43206025325,65559.45065065424,,62274.4,0.0,
2024-04-15 20:00:00+00:00,63301.11,63633.02,62632.0,63419.99,5585.99763,64408.07154518994,65321.73280058154,,0.0,0.0,
2024-04-16 00:00:00+00:00,63419.99,63899.69,62750.0,62956.0,6780.05828,64045.05365889245,65058.87360051693,,0.0,0.0,
2024-04-16 04:00:00+00:00,62956.0,63800.0,61680.0,63516.19,10893.71179,63912.83774416934,64887.4643115706,,0.0,0.0,
2024-04-16 08:00:00+00:00,63516.18,63660.0,61600.0,63094.77,9560.71907,63708.320808127,64688.276054729424,,61600.0,0.0,
2024-04-16 12:00:00+00:00,63094.76,63422.97,61735.42,61762.2,11375.72504,63221.79060609525,64363.15649309282,,0.0,0.0,
2024-04-16 16:00:00+00:00,61762.19,63280.75,61694.02,62721.43,9939.37779,63096.70045457144,64180.74243830473,,0.0,0.0,
2024-04-16 20:00:00+00:00,62721.43,64365.0,62555.0,63793.39,4885.70134,63270.872840928576,64137.70327849309,,0.0,0.0,
2024-04-17 00:00:00+00:00,63793.4,64295.0,63581.16,63842.02,4408.10123,63413.659630696435,64104.84958088275,,0.0,0.0,
2024-04-17 04:00:00+00:00,63842.03,64499.0,63181.81,63297.84,4770.84819,63384.704723022325,64015.18184967356,,0.0,64499.0,
2024-04-17 08:00:00+00:00,63297.85,63587.88,62541.13,62595.04,4528.8573,63187.288542266746,63857.38831082094,,0.0,0.0,
2024-04-17 12:00:00+00:00,62595.04,62974.88,59888.0,60304.95,19701.56268,62466.70390670006,63462.67294295195,,0.0,0.0,
2024-04-17 16:00:00+00:00,60304.95,61956.42,59678.16,61022.35,13090.32351,62105.61543002504,63191.52594929062,,59678.16,0.0,
2024-04-17 20:00:00+00:00,61022.36,61763.07,60777.0,61277.37,4110.85218,61898.55407251878,62978.841954924996,,0.0,0.0,
2024-04-18 00:00:00+00:00,61277.38,62229.9,60939.92,61988.0,5112.05762,61920.91555438909,62868.74840437777,,0.0,0.0,
2024-04-18 04:00:00+00:00,61987.99,62075.46,60803.35,61178.08,5389.61634,61735.20666579182,62680.89635944691,,0.0,0.0,
2024-04-18 08:00:00+00:00,61178.08,63072.27,60864.0,62597.92,8854.03421,61950.88499934386,62671.67676395281,,0.0,0.0,
2024-04-18 12:00:00+00:00,62597.92,64117.09,61580.71,63498.7,13179.24657,62337.83874950789,62763.56823462472,,0.0,64117.09,
2024-04-18 16:00:00+00:00,63498.69,63866.19,62310.03,63477.04,7383.52292,62622.63906213092,62842.84287522197,,0.0,0.0,
2024-04-18 20:00:00+00:00,63477.04,63825.74,63162.77,63470.08,3683.13152,62834.49929659819,62912.5358890862,,0.0,0.0,
2024-04-19 00:00:00+00:00,63470.09,63470.09,59600.01,61785.14,18924.46633,62572.15947244864,62787.26967918773,,59600.01,0.0,
2024-04-19 04:00:00+00:00,61785.14,65179.0,61739.68,64547.18,16300.5042,63065.91460433648,62982.815270389096,,0.0,0.0,1.0
2024-04-19 08:00:00+00:00,64547.18,65450.0,64098.13,64870.74,10760.55037,63517.120953252364,63192.58468479031,,0.0,65450.0,
2024-04-19 12:00:00+00:00,64870.73,65440.57,63820.57,64437.17,10695.68779,63747.13321493927,63330.87194203583,,0.0,0.0,
2024-04-19 16:00:00+00:00,64437.18,64808.54,63506.57,64325.25,7338.37595,63891.66241120445,63441.35839292074,,0.0,0.0,
2024-04-19 20:00:00+00:00,64325.26,64494.03,62953.9,63818.01,5754.71807,63873.24930840334,63483.2085714851,,62953.9,0.0,
2024-04-20 00:00:00+00:00,63818.01,64263.41,63090.07,63956.0,4907.95296,63893.936981302504,63535.740952431195,,0.0,0.0,
2024-04-20 04:00:00+00:00,63956.01,64268.58,63815.53,63961.22,2687.98622,63910.75773597688,63583.01640216106,,0.0,0.0,
2024-04-20 08:00:00+00:00,63961.22,63988.0,63277.0,63707.17,3210.87149,63859.86080198266,63596.81124636539,,0.0,0.0,
2024-04-20 12:00:00+00:00,63707.18,64960.37,63575.83,64808.35,3733.80603,64096.98310148699,63731.4266634359,,0.0,0.0,
2024-04-20 16:00:00+00:00,64808.35,65419.0,64456.54,64866.44,6438.0366,64289.34732611525,63857.53925638747,,0.0,0.0,
2024-04-20 20:00:00+00:00,64866.45,65031.25,64555.0,64940.59,2158.77645,64452.157994586436,63977.87822789997,,0.0,0.0,
2024-04-21 00:00:00+00:00,64940.58,65695.56,64608.0,65170.0,3453.01051,64631.61849593982,64110.33620257775,,0.0,65695.56,
2024-04-21 04:00:00+00:00,65170.01,65244.65,64843.98,65150.66,2641.24775,64761.37887195487,64225.92773562467,,0.0,0.0,
2024-04-21 08:00:00+00:00,65150.67,65440.95,64763.15,65234.01,3450.14128,64879.53665396615,64337.93687611081,,0.0,0.0,
2024-04-21 12:00:00+00:00,65234.02,65375.41,64778.69,65043.69,2695.60703,64920.57499047461,64416.35388987628,,0.0,0.0,
2024-04-21 16:00:00+00:00,65043.7,65087.92,64237.5,64538.0,4176.1013,64824.93124285596,64429.87012433447,,64237.5,0.0,
2024-04-21 20:00:00+00:00,64538.0,65167.19,64362.5,64941.15,2900.31365,64853.985932141964,64486.67899940842,,0.0,0.0,
2024-04-22 00:00:00+00:00,64941.15,66090.69,64500.0,65703.5,7919.96299,65066.36444910648,64621.88133280748,,0.0,0.0,
2024-04-22 04:00:00+00:00,65703.49,66479.8,65509.24,65980.0,6098.37541,65294.77333682986,64772.78340693998,,0.0,66479.8,
2024-04-22 08:00:00+00:00,65980.01,66204.44,65702.0,65877.47,3405.5687,65440.447502622395,64895.52636172443,,0.0,0.0,
2024-04-22 12:00:00+00:00,65877.47,66477.53,65626.87,65994.38,5461.41672,65578.9306269668,65017.62121042171,,0.0,0.0,
2024-04-22 16:00:00+00:00,65994.39,66824.28,65913.52,66524.77,4574.61291,65815.3904702251,65185.082187041524,,0.0,0.0,
2024-04-22 20:00:00+00:00,66524.77,67232.35,66342.1,66819.32,3938.05698,66066.37285266884,65366.664166259136,,0.0,67232.35,
2024-04-23 00:00:00+00:00,66819.32,67183.01,66419.55,66435.01,3243.03761,66158.53213950162,65485.36925889701,,0.0,0.0,
2024-04-23 04:00:00+00:00,66435.01,66646.0,66020.0,66099.79,3505.2568,66143.84660462622,65553.63823013067,,0.0,0.0,
2024-04-23 08:00:00+00:00,66099.79,66310.44,65852.35,66043.99,3664.65129,66118.88245346966,65608.12176011615,,0.0,0.0,
2024-04-23 12:00:00+00:00,66043.99,67130.0,65765.81,66419.56,7336.45218,66194.05184010224,65698.28156454768,,65765.81,67130.0,
2024-04-23 16:00:00+00:00,66419.56,66905.99,66350.91,66484.43,2615.80021,66266.64638007668,65785.63139070905,,0.0,0.0,
2024-04-23 20:00:00+00:00,66484.43,66484.96,65980.0,66414.0,2234.70195,66303.48478505752,65855.45012507471,,0.0,0.0,
2024-04-24 00:00:00+00:00,66414.0,66900.0,66390.0,66608.14,3046.35629,66379.64858879313,65939.08233339974,,0.0,0.0,
2024-04-24 04:00:00+00:00,66608.14,67070.43,66552.37,66630.9,3233.87893,66442.46144159485,66015.95096302198,,0.0,67070.43,
2024-04-24 08:00:00+00:00,66630.89,66743.01,66203.05,66571.52,3109.38742,66474.72608119613,66077.68085601953,,0.0,0.0,
2024-04-24 12:00:00+00:00,66571.52,66737.0,64519.03,64610.11,11318.18882,66008.5720608971,65914.61742757291,,0.0,0.0,
2024-04-24 16:00:00+00:00,64610.1,65156.95,63736.7,63976.06,7661.7157,65500.444045672826,65699.2221578426,,0.0,0.0,
2024-04-24 20:00:00+00:00,63976.05,64447.91,63606.06,64289.59,5226.16921,65197.73053425462,65542.59636252675,,63606.06,0.0,
2024-04-25 00:00:00+00:00,64289.58,64741.47,63860.0,64282.01,3701.42089,64968.80040069096,65402.53121113488,,0.0,0.0,
2024-04-25 04:00:00+00:00,64282.02,64397.78,63824.07,64017.99,2632.77055,64731.09780051822,65248.693298786566,,0.0,0.0,
2024-04-25 08:00:00+00:00,64017.99,64192.0,63337.25,63861.23,5784.37183,64513.63085038867,65094.5307100325,,0.0,0.0,
2024-04-25 12:00:00+00:00,63861.24,64302.99,62794.0,64135.94,9541.23587,64419.2081377915,64988.02063114,,62794.0,0.0,
2024-04-25 16:00:00+00:00,64135.93,64975.0,63971.48,64747.11,5893.40227,64501.18360334363,64961.252783235555,,0.0,0.0,
2024-04-25 20:00:00+00:00,64747.12,65297.94,64447.75,64498.34,3788.26197,64500.472702507715,64909.818029542716,,0.0,65297.94,
2024-04-26 00:00:00+00:00,64498.33,64662.53,63890.82,64381.24,4501.10389,64470.664526880784,64851.0871373713,,63890.82,0.0,
2024-04-26 04:00:00+00:00,64381.25,64610.82,64000.02,64276.95,3820.59365,64422.235895160586,64787.29412210782,,0.0,0.0,
2024-04-26 08:00:00+00:00,64276.94,64581.52,64059.8,64244.02,3562.57552,64377.68192137044,64726.93033076251,,0.0,0.0,
2024-04-26 12:00:00+00:00,64244.03,64820.01,63297.48,63503.22,9690.76928,64159.066441027826,64590.96251623334,,63297.48,64820.01,
2024-04-26 16:00:00+00:00,63503.22,64162.5,63318.75,63742.05,3712.95105,64054.812330770874,64496.638903318526,,0.0,0.0,
2024-04-26 20:00:00+00:00,63742.07,64107.32,63689.22,63770.01,1797.20007,63983.611748078154,64415.90235850536,,0.0,0.0,
2024-04-27 00:00:00+00:00,63770.0,63923.41,62391.24,63082.01,6657.76903,63758.211311058614,64267.69209644921,,62391.24,0.0,
2024-04-27 04:00:00+00:00,63082.0,63175.0,62808.0,62966.83,2242.40457,63560.36598329396,64123.15186351041,,0.0,0.0,
2024-04-27 08:00:00+00:00,62966.84,63060.0,62673.37,62862.14,2079.69094,63385.80948747047,63983.039434231476,,0.0,0.0,
2024-04-27 12:00:00+00:00,62862.13,63408.53,62810.29,62951.75,3503.85622,63277.29461560285,63868.451719316865,,0.0,0.0,
2024-04-27 16:00:00+00:00,62951.75,63650.0,62750.0,63352.11,4913.85251,63295.99846170214,63811.080417170546,,0.0,0.0,
2024-04-27 20:00:00+00:00,63352.11,63555.56,63157.98,63461.98,1535.48725,63337.49384627661,63772.29148192937,,0.0,0.0,
2024-04-28 00:00:00+00:00,63461.98,64370.0,63456.86,64021.62,3385.63662,63508.52538470746,63799.99465060389,,0.0,64370.0,
2024-04-28 04:00:00+00:00,64021.62,64060.0,63800.0,63915.5,2305.67426,63610.26903853059,63812.82857831457,,0.0,0.0,
2024-04-28 08:00:00+00:00,63915.5,63979.27,63345.55,63484.01,2754.13016,63578.704278897945,63776.29318072406,,63345.55,0.0,
2024-04-28 12:00:00+00:00,63484.0,63869.09,63415.6,63540.0,2421.65968,63569.028209173455,63750.03838286583,,0.0,0.0,
2024-04-28 16:00:00+00:00,63540.0,63976.0,63483.18,63730.49,1787.98929,63609.39365688009,63747.866340325185,,0.0,0.0,
2024-04-28 20:00:00+00:00,63730.49,63745.91,62781.0,63118.62,4294.11004,63486.70024266007,63677.950080289054,,0.0,0.0,
2024-04-29 00:00:00+00:00,63118.62,63367.05,62150.52,62279.67,4182.37182,63184.942681995046,63522.5856269236,,0.0,0.0,
2024-04-29 04:00:00+00:00,62279.68,62639.4,61923.13,62399.98,4977.90568,62988.70201149629,63397.851668376534,,0.0,0.0,
2024-04-29 08:00:00+00:00,62399.98,62673.18,62179.99,62256.0,3033.90933,62805.52650862221,63270.97926077914,,0.0,0.0,
2024-04-29 12:00:00+00:00,62256.0,63112.29,61765.53,63039.07,8212.51545,62863.91238146666,63245.21156513701,,61765.53,0.0,
2024-04-29 16:00:00+00:00,63039.07,63221.74,62546.37,62987.37,3504.07719,62894.776786099996,63216.56250234401,,0.0,0.0,
2024-04-29 20:00:00+00:00,62987.37,64228.35,62820.0,63866.0,4239.45,63137.582589574995,63288.722224305784,,0.0,0.0,
2024-04-30 00:00:00+00:00,63866.0,64734.0,62995.7,63647.99,6641.99134,63265.18444218124,63328.64086604959,,0.0,64734.0,
2024-04-30 04:00:00+00:00,63647.99,63708.7,63069.68,63148.74,3035.08013,63236.07333163593,63308.651880932965,,0.0,0.0,
2024-04-30 08:00:00+00:00,63148.74,63244.0,61000.0,61204.42,14068.13369,62728.15999872695,63074.84833860708,,0.0,0.0,
2024-04-30 12:00:00+00:00,61204.41,61559.36,60546.22,60796.85,10504.86521,62245.33249904521,62821.73741209518,,0.0,0.0,
2024-04-30 16:00:00+00:00,60796.86,60947.55,59191.6,59292.95,13263.13146,61507.2368742839,62429.64992186238,,59191.6,0.0,
2024-04-30 20:00:00+00:00,59292.95,61070.71,59274.75,60672.0,7434.45352,61298.42765571293,62234.35548609989,,0.0,0.0,
2024-05-01 00:00:00+00:00,60672.01,60841.63,59590.0,60246.03,6530.47723,61035.32824178469,62013.43043208879,,0.0,0.0,
2024-05-01 04:00:00+00:00,60246.02,60361.09,57100.0,57499.99,15737.62045,60151.49368133852,61511.93705074559,,0.0,0.0,
2024-05-01 08:00:00+00:00,57500.0,57909.0,56552.82,57898.47,18606.5614,59588.23776100389,61110.44071177386,,56552.82,0.0,
2024-05-01 12:00:00+00:00,57898.46,58275.87,56674.51,56886.0,11686.74779,58912.678320752915,60641.05841046565,,0.0,0.0,
2024-05-01 16:00:00+00:00,56886.0,59468.0,56625.09,56954.47,20507.82488,58423.126240564685,60231.43747596947,,0.0,59468.0,
2024-05-01 20:00:00+00:00,56954.46,58575.32,56760.02,58364.97,8097.23648,58408.587180423514,60024.05220086175,,0.0,0.0,
2024-05-02 00:00:00+00:00,58364.97,58610.55,56911.84,57442.88,11212.01702,58167.160385317635,59737.25528965489,,0.0,0.0,
2024-05-02 04:00:00+00:00,57442.88,57945.19,57202.49,57681.08,4030.5593,58045.64028898823,59508.791368582126,,0.0,0.0,
2024-05-02 08:00:00+00:00,57681.08,58689.55,57561.14,58559.66,7270.28163,58174.14521674118,59403.33232762856,,0.0,0.0,
2024-05-02 12:00:00+00:00,58559.66,59455.0,58222.0,59264.15,15027.94977,58446.646412555885,59387.86762455872,,0.0,0.0,
2024-05-02 16:00:00+00:00,59264.16,59575.29,58943.38,59351.11,5176.24271,58672.76230941691,59383.7834440522,,0.0,0.0,
2024-05-02 20:00:00+00:00,59351.1,59625.0,58637.62,59060.61,4866.76918,58769.72423206268,59347.875283601956,,0.0,0.0,
2024-05-03 00:00:00+00:00,59060.6,59999.0,58811.32,59720.3,5109.40917,59007.36817404701,59389.25580764619,,0.0,59999.0,
2024-05-03 04:00:00+00:00,59720.3,59844.94,59061.63,59190.74,3909.0336,59053.21113053526,59367.1984956855,,0.0,0.0,
2024-05-03 08:00:00+00:00,59190.74,59575.48,58849.94,59291.09,3640.85276,59112.68084790144,59358.74199616489,,0.0,0.0,
2024-05-03 12:00:00+00:00,59291.1,62115.64,58991.99,61690.74,19191.72512,59757.19563592608,59617.8528854799,,0.0,0.0,1.0
2024-05-03 16:00:00+00:00,61690.74,62179.99,61533.2,62067.32,4594.31487,60334.72672694456,59890.01589820436,,0.0,0.0,
2024-05-03 20:00:00+00:00,62067.32,63333.0,61974.0,62882.01,7183.06591,60971.54754520842,60222.459687292765,,0.0,0.0,
2024-05-04 00:00:00+00:00,62882.01,63595.14,62541.03,62724.0,4743.46495,61409.660658906316,60500.408610926905,,0.0,0.0,
2024-05-04 04:00:00+00:00,62724.0,63450.0,62686.0,62959.03,3268.58824,61797.00299417974,60773.58876526836,,0.0,0.0,
2024-05-04 08:00:00+00:00,62959.03,64540.0,62924.37,63873.31,6546.74516,62316.07974563481,61118.0022357941,,0.0,64540.0,
2024-05-04 12:00:00+00:00,63873.3,64158.19,63434.53,63609.17,3811.93368,62639.3523092261,61394.7986540392,,0.0,0.0,
2024-05-04 16:00:00+00:00,63609.17,64019.83,63300.58,63921.18,3617.97274,62959.80923191958,61675.50769247929,,0.0,0.0,
2024-05-04 20:00:00+00:00,63921.17,64240.76,63550.0,63892.04,2379.98805,63192.866923939684,61921.78905998159,,0.0,64240.76,
2024-05-05 00:00:00+00:00,63892.03,64188.0,62822.17,63235.93,4023.81118,63203.632692954765,62067.80471998364,,62822.17,0.0,
2024-05-05 04:00:00+00:00,63235.93,63959.0,63119.32,63736.87,1984.95667,63336.94201971607,62253.25641776323,,0.0,0.0,
2024-05-05 08:00:00+00:00,63736.86,63937.17,63539.53,63859.63,2431.33573,63467.614014787054,62431.74237134509,,0.0,0.0,
2024-05-05 12:00:00+00:00,63859.63,64646.0,63618.91,64428.65,5405.83792,63707.87301109029,62653.62099675119,,0.0,64646.0,
2024-05-05 16:00:00+00:00,64428.64,64554.68,63811.01,63879.94,2871.91182,63750.88975831772,62789.878663778836,,0.0,0.0,
2024-05-05 20:00:00+00:00,63879.94,64227.51,63582.08,64012.0,1808.89697,63816.167318738284,62925.66992335897,,63582.08,0.0,
2024-05-06 00:00:00+00:00,64012.0,64465.0,63708.58,63866.59,3162.30361,63828.772989053716,63030.2165985413,,0.0,0.0,
2024-05-06 04:00:00+00:00,63866.59,64588.0,63768.72,64540.75,4129.26675,64006.76724179029,63198.053643147825,,0.0,0.0,
2024-05-06 08:00:00+00:00,64540.75,65500.0,63815.38,64203.56,9354.00852,64055.965431342716,63309.776571686954,,0.0,65500.0,
2024-05-06 12:00:00+00:00,64203.55,64319.86,62909.61,63632.01,10782.37421,63949.97657350704,63345.58028594396,,0.0,0.0,
2024-05-06 16:00:00+00:00,63632.01,63747.59,62700.0,63220.0,5039.95966,63767.48243013028,63331.62692083907,,62700.0,0.0,
2024-05-06 20:00:00+00:00,63220.0,63611.85,63051.94,63165.19,2207.00674,63616.90932259771,63313.13392963473,,0.0,0.0,
2024-05-07 00:00:00+00:00,63165.18,63967.19,62832.6,63239.49,4005.85545,63522.554491948285,63304.95127078643,,0.0,0.0,
2024-05-07 04:00:00+00:00,63239.5,63853.12,63092.76,63669.69,2871.47278,63559.33836896122,63345.4777962546,,0.0,0.0,
2024-05-07 08:00:00+00:00,63669.69,64422.41,63358.0,63490.43,5001.25779,63542.11127672091,63361.58359667075,,0.0,64422.41,
2024-05-07 12:00:00+00:00,63490.43,64320.0,63050.77,63740.48,5420.86559,63591.70345754069,63403.68319704067,,0.0,0.0,
2024-05-07 16:00:00+00:00,63740.48,63895.46,62789.89,63060.01,3582.30191,63458.78009315552,63365.497286258375,,0.0,0.0,
2024-05-07 20:00:00+00:00,63060.0,63197.58,62261.0,62312.08,4717.0412,63172.10506986664,63248.45092111856,,0.0,0.0,
2024-05-08 00:00:00+00:00,62312.07,62973.18,62111.0,62893.99,3337.82292,63102.576302399975,63209.06637432761,,0.0,0.0,
2024-05-08 04:00:00+00:00,62894.0,63020.22,62020.09,62208.0,3859.89848,62878.93222679998,63097.8367771801,,0.0,0.0,
2024-05-08 08:00:00+00:00,62208.0,62519.7,62042.0,62243.4,3513.4572,62720.049170099985,63002.89935749342,,0.0,0.0,
2024-05-08 12:00:00+00:00,62243.4,62828.0,61761.0,62273.08,6158.24711,62608.306877574985,62921.80831777193,,0.0,0.0,
2024-05-08 16:00:00+00:00,62273.07,62760.0,61949.42,62179.45,3301.14049,62501.09265818124,62839.32406024171,,0.0,0.0,
2024-05-08 20:00:00+00:00,62179.45,62248.84,60888.0,61193.03,5950.62384,62174.07699363593,62656.40249799263,,60888.0,0.0,
2024-05-09 00:00:00+00:00,61193.03,61806.98,61144.33,61680.4,2721.61729,62050.65774522695,62547.957775993455,,0.0,0.0,
2024-05-09 04:00:00+00:00,61680.4,61780.6,61129.0,61253.16,2905.35223,61851.28330892021,62404.09135643863,,0.0,0.0,
2024-05-09 08:00:00+00:00,61253.16,61447.06,60630.0,61053.99,5362.37094,61651.95998169016,62254.080094612116,,60630.0,0.0,
2024-05-09 12:00:00+00:00,61053.99,62285.0,60882.19,62159.06,8288.33478,61778.73498626762,62243.52230632188,,0.0,0.0,
2024-05-09 16:00:00+00:00,62159.06,62668.67,61750.0,62454.92,6281.25123,61947.781239700715,62267.01093895278,,0.0,0.0,
2024-05-09 20:00:00+00:00,62454.92,63429.03,62346.36,63074.01,5101.87963,62229.33842977554,62356.67750129136,,0.0,63429.03,
2024-05-10 00:00:00+00:00,63074.0,63094.01,62662.07,62916.16,2735.78507,62401.04382233166,62418.8422233701,,0.0,0.0,
2024-05-10 04:00:00+00:00,62916.16,63380.0,62660.42,63078.02,4829.47839,62570.287866748746,62492.0841985512,,0.0,0.0,1.0
2024-05-10 08:00:00+00:00,63078.01,63320.0,62800.0,63299.63,3172.4998,62752.62340006156,62581.81150982329,,0.0,0.0,
2024-05-10 12:00:00+00:00,63299.63,63469.13,60690.0,60928.02,13444.88923,62296.472550046165,62398.0568976207,,0.0,63469.13,
2024-05-10 16:00:00+00:00,60928.02,61294.82,60187.12,60716.97,9448.65481,61901.596912534624,62211.26946455173,,60187.12,0.0,
2024-05-10 20:00:00+00:00,60716.96,61003.0,60456.91,60799.99,2898.03295,61626.19518440097,62054.4606351571,,0.0,0.0,
2024-05-11 00:00:00+00:00,60799.99,61096.27,60650.0,60731.9,2363.19506,61402.62138830073,61907.50945347298,,0.0,0.0,
2024-05-11 04:00:00+00:00,60731.89,61080.0,60712.0,61018.52,1958.49596,61306.596041225544,61808.73284753154,,0.0,0.0,
2024-05-11 08:00:00+00:00,61018.53,61058.75,60487.09,60684.01,2622.23696,61150.949530919155,61683.763642250255,,60487.09,0.0,
2024-05-11 12:00:00+00:00,60684.0,61515.0,60643.94,61174.18,2983.17984,61156.75714818937,61627.143237555785,,0.0,61515.0,
2024-05-11 16:00:00+00:00,61174.18,61410.09,61016.0,61144.0,1958.45382,61153.56786114203,61573.460655605144,,0.0,0.0,
2024-05-11 20:00:00+00:00,61144.01,61154.21,60743.51,60825.99,1489.00772,61071.673395856524,61490.408360537906,,0.0,0.0,
2024-05-12 00:00:00+00:00,60825.99,61104.05,60804.0,60930.0,1266.79428,61036.255046892395,61428.14076492258,,0.0,0.0,
2024-05-12 04:00:00+00:00,60930.01,61120.0,60610.0,60820.0,1414.28916,60982.1912851693,61360.56956882007,,60610.0,0.0,
2024-05-12 08:00:00+00:00,60819.99,61366.59,60790.94,61146.0,2340.63752,61023.14346387697,61336.728505617844,,0.0,0.0,
2024-05-12 12:00:00+00:00,61145.99,61587.12,61090.0,61419.0,2048.43475,61122.10759790773,61345.86978277142,,0.0,0.0,
2024-05-12 16:00:00+00:00,61419.01,61888.0,61109.67,61406.1,3820.38147,61193.105698430794,61352.56202913015,,0.0,61888.0,
2024-05-12 20:00:00+00:00,61406.11,61551.43,60910.58,61483.99,1862.59518,61265.82677382309,61367.16513700458,,0.0,0.0,
2024-05-13 00:00:00+00:00,61484.0,61812.0,60749.21,61170.0,5351.68295,61241.87008036732,61345.25789955963,,60749.21,0.0,
2024-05-13 04:00:00+00:00,61170.0,62450.0,60797.79,62334.37,4765.16809,61514.99506027549,61455.159244053,,0.0,0.0,1.0
2024-05-13 08:00:00+00:00,62334.36,63295.48,62334.36,62738.0,9213.32472,61820.74629520662,61597.69710582489,,0.0,0.0,
2024-05-13 12:00:00+00:00,62737.99,63200.0,62399.35,63002.0,5842.90422,62116.05972140496,61753.73076073323,,0.0,0.0,
2024-05-13 16:00:00+00:00,63002.0,63450.0,62566.36,63172.69,5512.43015,62380.21729105372,61911.39289842954,,0.0,63450.0,
2024-05-13 20:00:00+00:00,63172.7,63193.59,62715.57,62940.08,2047.90826,62520.18296829029,62025.691465270706,,0.0,0.0,
2024-05-14 00:00:00+00:00,62940.09,63118.36,62403.22,62488.46,4185.92634,62512.252226217715,62077.11019135174,,0.0,0.0,
2024-05-14 04:00:00+00:00,62488.46,62780.73,61404.34,62035.39,6129.65977,62393.036669663285,62072.47461453488,,0.0,0.0,
2024-05-14 08:00:00+00:00,62035.39,62045.8,61520.89,61798.57,2978.35656,62244.42000224746,62042.040768475454,,0.0,0.0,
2024-05-14 12:00:00+00:00,61798.57,62300.0,61142.77,61787.61,9371.49007,62130.2175016856,62013.77068308929,,61142.77,0.0,
2024-05-14 16:00:00+00:00,61787.6,61816.34,61159.34,61596.52,4672.60874,61996.793126264194,61967.409496079374,,0.0,0.0,
2024-05-14 20:00:00+00:00,61596.51,61789.99,61472.41,61577.49,1750.67893,61891.96734469815,61924.08510762611,,0.0,0.0,
2024-05-15 00:00:00+00:00,61577.49,62033.48,61319.47,61949.99,2150.95758,61906.47300852361,61926.963429000985,,0.0,0.0,
2024-05-15 04:00:00+00:00,61949.99,62280.01,61818.18,62195.04,2500.5292,61978.61475639271,61956.749714667545,,0.0,0.0,1.0
2024-05-15 08:00:00+00:00,62195.04,62999.44,61923.2,62467.18,5841.97337,62100.75606729453,62013.4641908156,,0.0,0.0,
2024-05-15 12:00:00+00:00,62467.18,65057.26,62402.03,64725.11,18482.64633,62756.8445504709,62314.758169613866,,0.0,0.0,
2024-05-15 16:00:00+00:00,64725.12,66419.15,64720.0,66006.23,9790.73766,63569.19091285318,62724.92170632344,,0.0,0.0,
2024-05-15 20:00:00+00:00,66006.23,66444.16,65738.0,66206.5,4792.90305,64228.518184639885,63111.76373895417,,0.0,0.0,
2024-05-16 00:00:00+00:00,66206.51,66666.0,65746.42,65975.39,4545.03782,64665.236138479915,63429.944434625926,,0.0,66666.0,
2024-05-16 04:00:00+00:00,65975.39,66278.04,65652.92,66142.62,3539.9064,65034.58210385994,63731.352830778604,,0.0,0.0,
2024-05-16 08:00:00+00:00,66142.62,66585.7,66000.0,66503.8,3707.82709,65401.886577894955,64039.40251624765,,0.0,0.0,
2024-05-16 12:00:00+00:00,66503.81,66752.01,65361.51,65818.88,8417.05624,65506.134933421214,64237.122236664574,,0.0,66752.01,
2024-05-16 16:00:00+00:00,65818.89,65827.47,64602.77,65186.85,8466.84763,65426.31370006591,64342.647543701845,,64602.77,0.0,
2024-05-16 20:00:00+00:00,65186.84,65500.0,65050.0,65235.21,2429.69192,65378.53777504944,64441.8211499572,,0.0,0.0,
2024-05-17 00:00:00+00:00,65235.21,65901.46,65106.38,65584.53,3015.02361,65430.03583128708,64568.788799961956,,0.0,0.0,
2024-05-17 04:00:00+00:00,65584.53,66500.0,65367.51,66386.94,4966.49056,65669.26187346531,64770.80559996618,,0.0,0.0,
2024-05-17 08:00:00+00:00,66386.93,66564.23,66068.79,66218.0,3554.56752,65806.44640509898,64931.60497774772,,0.0,0.0,
2024-05-17 12:00:00+00:00,66217.99,67451.2,65828.03,67195.1,7892.28774,66153.60980382423,65183.104424664634,,0.0,67451.2,
2024-05-17 16:00:00+00:00,67195.09,67300.0,66214.67,67047.99,5023.34456,66377.20485286818,65390.31393303523,,0.0,0.0,
2024-05-17 20:00:00+00:00,67047.99,67089.72,66669.72,67024.0,1840.5201,66538.90363965114,65571.83460714243,,0.0,0.0,
2024-05-18 00:00:00+00:00,67024.0,67095.88,66725.53,66945.05,2481.3965,66640.44022973835,65724.41409523772,,0.0,0.0,
2024-05-18 04:00:00+00:00,66945.06,67240.69,66730.0,66887.0,2081.50495,66702.08017230376,65853.59030687797,,0.0,0.0,
2024-05-18 08:00:00+00:00,66887.01,67400.01,66840.0,67190.82,3570.27427,66824.26512922782,66002.17138389153,,0.0,67400.01,
2024-05-18 12:00:00+00:00,67190.81,67227.97,66600.0,66823.63,3512.39354,66824.10634692086,66093.44456345914,,66600.0,0.0,
2024-05-18 16:00:00+00:00,66823.63,66992.53,66722.0,66912.62,1415.23897,66846.23476019065,66184.46405640812,,0.0,0.0,
2024-05-18 20:00:00+00:00,66912.62,67039.92,66810.0,66915.2,1380.44951,66863.47607014299,66265.65693902945,,0.0,0.0,
2024-05-19 00:00:00+00:00,66915.2,67294.35,66837.39,67170.21,1968.76906,66940.15955260725,66366.16283469285,,0.0,0.0,
2024-05-19 04:00:00+00:00,67170.2,67329.45,66930.4,67324.44,1770.85016,67036.22966445543,66472.63807528254,,0.0,0.0,
2024-05-19 08:00:00+00:00,67324.44,67700.0,66950.0,67330.0,4156.529,67109.67224834158,66567.90051136226,,0.0,67700.0,
2024-05-19 12:00:00+00:00,67330.01,67330.01,66677.0,66889.88,3575.96349,67054.72418625618,66603.67601009978,,0.0,0.0,
2024-05-19 16:00:00+00:00,66889.88,66990.0,65857.25,66034.01,4551.01267,66799.54563969214,66540.37978675535,,65857.25,0.0,
2024-05-19 20:00:00+00:00,66034.01,66463.0,66000.0,66274.01,2002.17971,66668.1617297691,66510.78314378254,,0.0,0.0,
2024-05-20 00:00:00+00:00,66274.0,66768.87,66060.31,66675.22,2810.74639,66669.92629732682,66529.05390558447,,0.0,0.0,
2024-05-20 04:00:00+00:00,66675.21,67295.99,66279.64,66825.14,4518.75286,66708.72972299511,66561.95236051953,,0.0,0.0,
2024-05-20 08:00:00+00:00,66825.15,67349.0,66750.0,66994.2,3926.45606,66780.09729224633,66609.97987601736,,0.0,0.0,
2024-05-20 12:00:00+00:00,66994.2,67487.0,66753.42,67419.99,5810.8034,66940.07046918475,66699.98100090431,,0.0,0.0,
2024-05-20 16:00:00+00:00,67420.0,70000.0,67374.42,69999.99,16377.91082,67705.05035188857,67066.64866747051,,0.0,0.0,
2024-05-20 20:00:00+00:00,70000.0,71515.56,68905.67,71446.62,17372.03157,68640.44276391642,67553.31214886268,,0.0,0.0,
2024-05-21 00:00:00+00:00,71446.62,71979.0,70706.0,71284.0,13088.39015,69301.33207293731,67967.83302121126,,0.0,71979.0,
2024-05-21 04:00:00+00:00,71283.99,71394.2,70826.92,70878.29,6601.84071,69695.57155470298,68291.21712996556,,0.0,0.0,
2024-05-21 08:00:00+00:00,70878.3,71474.92,70839.63,71130.0,7293.08407,70054.17866602723,68606.63744885828,,0.0,0.0,
2024-05-21 12:00:00+00:00,71130.0,71455.09,69685.01,69826.99,11191.26336,69997.38149952043,68742.23217676292,,0.0,0.0,
2024-05-21 16:00:00+00:00,69827.0,70263.03,69162.94,69285.99,7682.81292,69819.53362464032,68802.64971267815,,69162.94,0.0,
2024-05-21 20:00:00+00:00,69285.99,70377.77,69240.57,70148.34,3750.04239,69901.73521848023,68952.1708557139,,0.0,0.0,
2024-05-22 00:00:00+00:00,70148.34,70368.6,69822.76,69955.72,3712.34798,69915.23141386017,69063.67631619013,,0.0,0.0,
2024-05-22 04:00:00+00:00,69955.72,70059.89,69165.0,69715.0,3561.58064,69865.17356039512,69136.04561439123,,69165.0,0.0,
2024-05-22 08:00:00+00:00,69715.0,70275.14,69636.01,69736.13,3338.95553,69832.91267029634,69202.72165723665,,0.0,0.0,
2024-05-22 12:00:00+00:00,69736.14,70591.0,69435.3,70455.9,6115.43217,69988.65950272225,69341.96369532146,,0.0,0.0,
2024-05-22 16:00:00+00:00,70455.89,70666.0,69228.64,69637.47,6273.89945,69900.86212704169,69374.79772917464,,0.0,70666.0,
2024-05-22 20:00:00+00:00,69637.48,69976.0,68842.19,69166.62,4670.96449,69717.30159528127,69351.66687037745,,68842.19,0.0,
2024-05-23 00:00:00+00:00,69166.62,69626.87,69166.61,69446.14,2519.07727,69649.51119646095,69362.16388477995,,0.0,0.0,
2024-05-23 04:00:00+00:00,69446.14,69862.44,69347.17,69734.04,2641.29925,69670.64339734572,69403.48345313773,,0.0,0.0,
2024-05-23 08:00:00+00:00,69734.05,70061.0,69520.02,69982.72,3721.08269,69748.66254800929,69467.84306945576,,0.0,0.0,
2024-05-23 12:00:00+00:00,69982.72,70096.12,67610.95,68076.0,12779.86105,69330.49691100697,69313.19383951623,,0.0,70096.12,
2024-05-23 16:00:00+00:00,68075.99,68167.97,66764.7,67199.98,6871.2151,68797.86768325523,69078.3923017922,,0.0,0.0,
2024-05-23 20:00:00+00:00,67199.98,68365.81,66312.16,67969.65,11980.63838,68590.81326244143,68955.19871270418,,66312.16,0.0,
2024-05-24 00:00:00+00:00,67969.66,68017.56,67628.01,67891.83,3527.41135,68416.06744683108,68837.04663351482,,0.0,0.0,
2024-05-24 04:00:00+00:00,67891.83,67922.79,66816.21,67155.93,5910.48089,68101.0330851233,68650.25589645762,,0.0,0.0,
2024-05-24 08:00:00+00:00,67155.93,67523.78,66600.12,67349.99,3483.32864,67913.27231384248,68505.78190796233,,66600.12,0.0,
2024-05-24 12:00:00+00:00,67350.0,68420.0,66921.97,68326.46,7204.20269,68016.56923538186,68485.85725152207,,0.0,0.0,
2024-05-24 16:00:00+00:00,68326.46,69250.0,67924.39,69115.98,6124.27945,68291.4219265364,68555.87089024184,,0.0,69250.0,
2024-05-24 20:00:00+00:00,69115.98,69214.0,68524.94,68549.99,1846.13362,68356.0639449023,68555.21745799275,,0.0,0.0,
2024-05-25 00:00:00+00:00,68549.99,68910.0,68500.0,68757.85,1641.62583,68456.51045867673,68577.73218488245,,0.0,0.0,
2024-05-25 04:00:00+00:00,68757.84,68831.88,68615.56,68753.92,1418.86107,68530.86284400754,68597.3086087844,,0.0,0.0,
2024-05-25 08:00:00+00:00,68753.93,69610.0,68749.2,69104.67,3074.05389,68674.31463300565,68653.68209669724,,0.0,69610.0,1.0
2024-05-25 12:00:00+00:00,69104.68,69299.99,68847.65,68930.4,3361.6813,68738.33597475424,68684.42853039755,,0.0,0.0,
2024-05-25 16:00:00+00:00,68930.39,69266.66,68849.5,69155.32,1460.29445,68842.58198106568,68736.74980479782,,0.0,0.0,
2024-05-25 20:00:00+00:00,69155.32,69356.6,69050.01,69290.57,1173.87764,68954.57898579926,68798.28538204251,,0.0,0.0,
2024-05-26 00:00:00+00:00,69290.56,69319.31,68808.37,69073.62,1604.1616,68984.33923934944,68828.87811737112,,68808.37,0.0,
2024-05-26 04:00:00+00:00,69073.62,69435.36,68928.22,69340.15,1384.96206,69073.29192951208,68885.68610432988,,0.0,0.0,
2024-05-26 08:00:00+00:00,69340.16,69562.23,68974.55,69134.91,2431.33857,69088.69644713406,68913.37764829323,,0.0,69562.23,
2024-05-26 12:00:00+00:00,69134.91,69399.0,68668.6,68847.99,2691.07965,69028.51983535054,68906.11235403843,,0.0,0.0,
2024-05-26 16:00:00+00:00,68847.98,68973.15,68692.11,68903.54,1856.42507,68997.2748765129,68905.82653692305,,0.0,0.0,
2024-05-26 20:00:00+00:00,68903.53,68911.56,68128.01,68507.67,1904.15102,68874.87365738468,68861.58692170937,,68128.01,0.0,
2024-05-27 00:00:00+00:00,68507.67,69298.0,68481.31,68873.43,3075.08732,68874.5127430385,68862.90281929722,,0.0,69298.0,
2024-05-27 04:00:00+00:00,68873.43,68901.74,68321.95,68643.36,2593.08429,68816.72455727888,68838.50917270864,,0.0,0.0,
2024-05-27 08:00:00+00:00,68643.36,68944.2,68250.0,68434.26,2936.86739,68721.10841795916,68793.59259796323,,68250.0,0.0,
2024-05-27 12:00:00+00:00,68434.26,70520.3,68384.0,70373.85,7055.83517,69134.29381346937,68969.1767537451,,0.0,0.0,1.0
2024-05-27 16:00:00+00:00,70373.86,70687.56,69069.0,69260.01,5008.7635,69165.72286010202,69001.49155888453,,0.0,70687.56,
2024-05-27 20:00:00+00:00,69260.02,69887.9,69177.01,69436.43,2467.2897,69233.39964507651,69049.81805234181,,0.0,0.0,
2024-05-28 00:00:00+00:00,69436.43,69591.81,67753.0,68050.3,6835.12436,68937.62473380739,68938.7604909705,,0.0,0.0,
2024-05-28 04:00:00+00:00,68050.3,68134.0,67486.65,67694.0,4924.25467,68626.71855035554,68800.45376975155,,67486.65,0.0,
2024-05-28 08:00:00+00:00,67694.01,68902.71,67582.13,68389.87,5753.28941,68567.50641276666,68754.83335089026,,0.0,0.0,
2024-05-28 12:00:00+00:00,68389.87,68559.99,67529.62,68374.08,7315.8352,68519.149809575,68712.52742301357,,0.0,0.0,
2024-05-28 16:00:00+00:00,68374.08,68598.33,67277.91,68424.29,5785.87242,68495.43485718124,68680.50104267873,,67277.91,0.0,
2024-05-28 20:00:00+00:00,68424.28,68661.28,68124.04,68398.39,2008.59436,68471.17364288593,68649.15537126998,,0.0,0.0,
2024-05-29 00:00:00+00:00,68398.4,68923.0,68266.04,68829.42,2939.72633,68560.73523216444,68669.1847744622,,0.0,0.0,
2024-05-29 04:00:00+00:00,68829.41,68935.68,67936.35,67946.9,3436.4985,68407.27642412332,68588.93091063308,,0.0,68935.68,
2024-05-29 08:00:00+00:00,67946.89,68033.33,67602.34,67763.59,3936.67261,68246.35481809248,68497.22636500718,,0.0,0.0,
2024-05-29 12:00:00+00:00,67763.59,68280.0,67262.34,67379.13,7094.29394,68029.54861356936,68372.99343556195,,0.0,0.0,
2024-05-29 16:00:00+00:00,67379.13,67742.0,67124.65,67266.78,3771.18556,67838.85646017702,68250.08083161063,,67124.65,0.0,
2024-05-29 20:00:00+00:00,67266.78,67826.09,67151.35,67652.42,1981.45455,67792.24734513277,68183.67407254278,,0.0,0.0,
2024-05-30 00:00:00+00:00,67652.41,68199.97,67471.67,68118.2,2683.70027,67873.73550884958,68176.39917559359,,0.0,0.0,
2024-05-30 04:00:00+00:00,68118.2,68422.89,67508.42,67584.56,4433.93438,67801.4416316372,68110.6392671943,,0.0,0.0,
2024-05-30 08:00:00+00:00,67584.57,68100.0,67128.0,67817.01,4585.8536,67805.33372372789,68078.0137930616,,67128.0,0.0,
2024-05-30 12:00:00+00:00,67817.01,68826.31,67755.0,68530.76,7062.79888,67986.69029279592,68128.31892716586,,0.0,0.0,
2024-05-30 16:00:00+00:00,68530.77,69500.0,68384.0,68653.02,7037.66907,68153.27271959693,68186.61904636965,,0.0,69500.0,
2024-05-30 20:00:00+00:00,68653.02,68657.41,68050.01,68352.17,2674.2622,68202.9970396977,68205.01359677303,,0.0,0.0,
2024-05-31 00:00:00+00:00,68352.17,68729.73,68274.0,68535.81,2131.97288,68286.20027977327,68241.76875268715,,0.0,0.0,1.0
2024-05-31 04:00:00+00:00,68535.81,68654.33,68075.99,68174.99,2754.48155,68258.39770982995,68234.34889127746,,0.0,0.0,
2024-05-31 08:00:00+00:00,68175.0,68461.0,67876.0,68349.73,3296.46239,68281.23078237247,68247.16901446886,,0.0,0.0,
2024-05-31 12:00:00+00:00,68349.73,69044.1,67200.0,67215.58,9839.14106,68014.81808677936,68132.54801286121,,0.0,69044.1,
2024-05-31 16:00:00+00:00,67215.58,67999.0,66670.0,67681.0,6363.51811,67931.36356508452,68082.37601143219,,66670.0,0.0,
2024-05-31 20:00:00+00:00,67681.0,67798.0,67239.19,67540.01,2304.74585,67833.5251738134,68022.11312127305,,0.0,0.0,
2024-06-01 00:00:00+00:00,67540.01,67757.14,67428.44,67715.31,1777.35139,67803.97138036005,67988.02388557605,,0.0,0.0,
2024-06-01 04:00:00+00:00,67715.31,67810.0,67575.23,67632.08,1250.73388,67760.99853527003,67948.47456495649,,0.0,0.0,
2024-06-01 08:00:00+00:00,67632.07,67760.0,67611.61,67660.57,1293.15334,67735.89140145252,67916.48516885021,,0.0,0.0,
2024-06-01 12:00:00+00:00,67660.57,67872.5,67640.0,67691.28,1527.99394,67724.7385510894,67891.4623723113,,0.0,0.0,
2024-06-01 16:00:00+00:00,67691.28,67900.0,67556.72,67753.76,1933.67458,67731.99391331704,67876.16210872115,,67556.72,0.0,
2024-06-01 20:00:00+00:00,67753.76,67885.0,67700.0,67766.85,1054.7542,67740.70793498779,67864.01631886324,,0.0,0.0,
2024-06-02 00:00:00+00:00,67766.84,67910.55,67643.33,67789.47,1287.2317,67752.89845124085,67855.73339454511,,0.0,0.0,
2024-06-02 04:00:00+00:00,67789.48,67867.6,67720.41,67721.0,1056.53192,67744.92383843064,67840.76301737344,,0.0,0.0,
2024-06-02 08:00:00+00:00,67721.01,68320.08,67367.2,68251.52,2959.02252,67871.57287882298,67886.40268210972,,0.0,0.0,
2024-06-02 12:00:00+00:00,68251.53,68460.0,67800.0,68142.17,4215.16637,67939.22215911723,67914.82127298642,,0.0,68460.0,1.0
2024-06-02 16:00:00+00:00,68142.18,68200.0,67257.47,67736.95,4668.17947,67888.65411933792,67895.05779821015,,67257.47,0.0,
2024-06-02 20:00:00+00:00,67736.95,67984.01,67577.65,67765.63,1240.19331,67857.89808950345,67880.67693174236,,0.0,0.0,
2024-06-03 00:00:00+00:00,67765.62,68793.97,67612.48,68382.81,3808.91033,67989.12606712758,67936.4694948821,,0.0,0.0,1.0
2024-06-03 04:00:00+00:00,68382.8,69221.0,68285.29,68906.7,5525.34568,68218.51955034569,68044.27288433965,,0.0,0.0,
2024-06-03 08:00:00+00:00,68906.7,69333.0,68824.0,69080.0,3826.91777,68433.88966275926,68159.35367496857,,0.0,0.0,
2024-06-03 12:00:00+00:00,69080.0,70288.0,68500.0,69615.28,10231.02887,68729.23724706945,68321.12326663874,,0.0,70288.0,
2024-06-03 16:00:00+00:00,69615.27,69715.61,68800.0,69204.0,3716.39069,68847.92793530208,68419.22068145666,,0.0,0.0,
2024-06-03 20:00:00+00:00,69204.0,69509.38,68730.51,68809.9,2524.78066,68838.42095147655,68462.62949462814,,0.0,0.0,
2024-06-04 00:00:00+00:00,68809.89,69370.01,68629.9,69170.22,2195.99092,68921.37071360741,68541.25066189168,,0.0,0.0,
2024-06-04 04:00:00+00:00,69170.22,69268.27,68745.68,69013.63,2550.75405,68944.43553520556,68593.73725501483,,0.0,0.0,
2024-06-04 08:00:00+00:00,69013.62,69191.99,68567.32,68955.85,3143.28299,68947.28915140417,68633.97200445762,,68567.32,0.0,
2024-06-04 12:00:00+00:00,68955.84,70480.0,68843.73,70445.0,10001.68378,69321.71686355313,68835.19733729567,,0.0,0.0,
2024-06-04 16:00:00+00:00,70445.0,71063.45,70092.5,70423.6,9252.35453,69597.18764766485,69011.6865220406,,0.0,0.0,
2024-06-04 20:00:00+00:00,70423.61,70736.0,70168.67,70537.84,2475.71862,69832.35073574864,69181.25913070276,,0.0,0.0,
2024-06-05 00:00:00+00:00,70537.83,71275.0,70423.51,70947.58,4747.42504,70111.15805181148,69377.51700506912,,0.0,0.0,
2024-06-05 04:00:00+00:00,70947.58,71379.21,70826.15,71200.0,4692.49958,70383.3685388586,69580.015115617,,0.0,0.0,
2024-06-05 08:00:00+00:00,71199.99,71243.6,70694.61,70971.71,3455.32686,70530.45390414396,69734.64788054845,,0.0,0.0,
2024-06-05 12:00:00+00:00,70971.7,71731.35,70383.66,71580.0,7724.60004,70792.84042810797,69939.68700493196,,70383.66,0.0,
2024-06-05 16:00:00+00:00,71580.01,71758.0,70871.2,71279.95,5604.75987,70914.61782108097,70088.60511549507,,0.0,71758.0,
2024-06-05 20:00:00+00:00,71279.95,71357.68,70700.0,71108.0,2478.56943,70962.96336581073,70201.8712137734,,0.0,0.0,
2024-06-06 00:00:00+00:00,71108.0,71237.02,70900.0,71050.0,1838.31631,70984.72252435805,70296.10774557636,,0.0,0.0,
2024-06-06 04:00:00+00:00,71050.0,71106.46,70800.0,71021.47,2441.77446,70993.90939326854,70376.70355162343,,0.0,0.0,
2024-06-06 08:00:00+00:00,71021.46,71204.59,70862.5,71170.01,2311.02713,71037.9345449514,70464.84871255416,,0.0,0.0,
2024-06-06 12:00:00+00:00,71170.01,71700.0,71000.0,71300.0,6417.45132,71103.45090871354,70557.64330004813,,0.0,71700.0,
2024-06-06 16:00:00+00:00,71300.0,71379.93,70450.0,70479.49,5514.55376,70947.46068153516,70548.95960004278,,0.0,0.0,
2024-06-06 20:00:00+00:00,70479.49,70958.89,70117.64,70799.06,3318.88151,70910.36051115138,70576.74853337137,,70117.64,0.0,
2024-06-07 00:00:00+00:00,70799.06,71015.2,70663.59,70989.68,1822.51982,70930.19038336353,70622.62980744122,,0.0,0.0,
2024-06-07 04:00:00+00:00,70989.69,71449.98,70989.68,71110.0,4173.52745,70975.14278752265,70676.78205105886,,0.0,0.0,
2024-06-07 08:00:00+00:00,71110.01,71700.0,71048.12,71699.99,3176.10664,71156.35459064199,70790.47182316343,,0.0,0.0,
2024-06-07 12:00:00+00:00,71700.0,71997.02,70633.21,71111.54,9856.47926,71145.15094298149,70826.14606503416,,0.0,71997.02,
2024-06-07 16:00:00+00:00,71111.55,71208.89,68420.0,69255.0,13917.20632,70672.61320723612,70651.57428003037,,68420.0,0.0,
2024-06-07 20:00:00+00:00,69255.01,69585.96,68978.52,69355.6,2652.61096,70343.35990542709,70507.57713780478,,0.0,0.0,
2024-06-08 00:00:00+00:00,69355.6,69525.0,69287.28,69432.0,1791.64307,70115.51992907032,70388.06856693758,,0.0,0.0,
2024-06-08 04:00:00+00:00,69432.0,69582.2,69232.15,69582.2,1721.33097,69982.18994680274,70298.52761505563,,0.0,0.0,
2024-06-08 08:00:00+00:00,69582.2,69582.2,69318.19,69365.93,1625.99373,69828.12496010205,70194.90565782723,,0.0,69582.2,
2024-06-08 12:00:00+00:00,69365.94,69491.36,69168.02,69430.01,2118.57239,69728.59622007654,70109.91725140197,,69168.02,0.0,
2024-06-08 16:00:00+00:00,69430.01,69490.0,69292.22,69460.01,1578.06404,69661.4496650574,70037.70533457953,,0.0,0.0,
2024-06-08 20:00:00+00:00,69460.0,69475.18,69290.28,69310.46,938.22547,69573.70224879305,69956.90029740402,,0.0,0.0,
2024-06-09 00:00:00+00:00,69310.46,69346.9,69130.24,69259.38,1184.61971,69495.1216865948,69879.3980421369,,69130.24,0.0,
2024-06-09 04:00:00+00:00,69259.38,69425.7,69234.73,69295.64,1031.53735,69445.2512649461,69814.53603745502,,0.0,0.0,
2024-06-09 08:00:00+00:00,69295.64,69397.19,69283.45,69367.69,869.09305,69425.86094870957,69764.8864777378,,0.0,0.0,
2024-06-09 12:00:00+00:00,69367.68,69777.0,69250.01,69508.64,3778.30362,69446.55571153217,69736.41464687805,,0.0,0.0,
2024-06-09 16:00:00+00:00,69508.64,69857.14,69500.0,69710.26,1982.06406,69512.48178364913,69733.5085750027,,0.0,69857.14,
2024-06-09 20:00:00+00:00,69710.26,69821.53,69590.33,69648.14,1044.9493,69546.39633773685,69724.02317778018,,0.0,0.0,
2024-06-10 00:00:00+00:00,69648.15,69801.34,69426.0,69613.2,1986.09511,69563.09725330264,69711.70949136016,,0.0,0.0,
2024-06-10 04:00:00+00:00,69613.2,69677.5,69249.99,69303.99,2111.8604,69498.32043997697,69666.40732565348,,0.0,0.0,
2024-06-10 08:00:00+00:00,69304.0,69550.0,69172.29,69473.89,2217.29737,69492.21282998273,69645.01651169198,,69172.29,0.0,
2024-06-10 12:00:00+00:00,69473.89,70195.94,69201.59,70066.12,4204.58568,69635.68962248704,69691.80578817065,,0.0,70195.94,
2024-06-10 16:00:00+00:00,70066.12,70141.1,69386.81,69490.8,4296.16146,69599.46721686528,69669.47181170725,,0.0,0.0,
2024-06-10 20:00:00+00:00,69490.81,69700.51,69334.46,69540.0,2306.66939,69584.60041264896,69655.0860548509,,0.0,0.0,
2024-06-11 00:00:00+00:00,69540.0,69590.01,67900.0,68464.0,8068.669,69304.45030948671,69522.74315986746,,0.0,0.0,
2024-06-11 04:00:00+00:00,68464.0,68464.0,67325.0,67570.18,7797.79833,68870.88273211503,69305.79169765997,,0.0,0.0,
2024-06-11 08:00:00+00:00,67570.18,67662.49,66732.0,66890.01,7282.49886,68375.66454908627,69037.37150903109,,0.0,0.0,
2024-06-11 12:00:00+00:00,66890.0,67278.88,66051.0,66244.48,9349.62363,67842.8684118147,68727.05023024985,,66051.0,0.0,
2024-06-11 16:00:00+00:00,66244.48,67586.64,66161.26,67407.01,6551.1506,67733.90380886103,68580.37909355543,,0.0,0.0,
2024-06-11 20:00:00+00:00,67407.02,67588.22,67173.92,67314.24,2386.27546,67628.98785664578,68439.69697204926,,0.0,0.0,
2024-06-12 00:00:00+00:00,67314.23,67596.15,66905.0,67407.0,2922.2534,67573.49089248433,68324.9528640438,,0.0,0.0,
2024-06-12 04:00:00+00:00,67407.01,67624.89,67195.97,67453.63,2712.51803,67543.52566936325,68228.13921248337,,0.0,0.0,
2024-06-12 08:00:00+00:00,67453.64,68059.01,67353.02,67778.43,3358.7204,67602.25175202244,68178.17152220744,,0.0,0.0,
2024-06-12 12:00:00+00:00,67778.43,69999.0,67736.0,69734.0,12403.63584,68135.18881401683,68351.04135307328,,0.0,69999.0,
2024-06-12 16:00:00+00:00,69734.0,69862.4,67250.0,67532.92,11888.022,67984.62161051262,68260.13898050958,,0.0,0.0,
2024-06-12 20:00:00+00:00,67532.92,68667.44,67413.51,68263.99,3890.17389,68054.46370788447,68260.56687156408,,0.0,0.0,
2024-06-13 00:00:00+00:00,68263.98,68393.63,66969.98,67474.94,5168.64979,67909.58278091335,68173.27499694585,,66969.98,0.0,
2024-06-13 04:00:00+00:00,67474.95,67729.41,67300.3,67724.81,2963.75859,67863.38958568501,68123.44555284076,,0.0,0.0,
2024-06-13 08:00:00+00:00,67724.8,67971.2,67168.0,67739.99,3762.21969,67832.53968926377,68080.83938030289,,0.0,0.0,
2024-06-13 12:00:00+00:00,67740.0,68449.3,66368.76,66470.01,10171.91317,67491.90726694782,67901.85833804701,,0.0,68449.3,
2024-06-13 16:00:00+00:00,66470.01,67080.13,66251.78,66604.01,5091.83328,67269.93295021086,67757.6529671529,,66251.78,0.0,
2024-06-13 20:00:00+00:00,66604.01,66980.0,66530.84,66773.01,1921.18119,67145.70221265814,67648.2481930248,,0.0,0.0,
2024-06-14 00:00:00+00:00,66773.01,67027.32,66480.0,66744.0,2704.93799,67045.27665949361,67547.7761715776,,0.0,0.0,
2024-06-14 04:00:00+00:00,66744.0,67221.32,66707.76,66904.98,2943.04425,67010.2024946202,67476.35437473565,,0.0,0.0,
2024-06-14 08:00:00+00:00,66904.98,67256.32,66746.4,67036.0,3383.9336,67016.65187096514,67427.42611087613,,0.0,0.0,
2024-06-14 12:00:00+00:00,67035.99,67370.24,66344.67,66392.0,5730.45832,66860.48890322386,67312.37876522323,,0.0,67370.24,
2024-06-14 16:00:00+00:00,66392.0,66520.0,65078.0,65520.02,9683.77753,66525.37167741789,67113.22779130953,,65078.0,0.0,
2024-06-14 20:00:00+00:00,65520.02,66627.52,65480.0,66043.99,3962.03628,66405.02625806342,66994.42359227514,,0.0,0.0,
2024-06-15 00:00:00+00:00,66043.99,66290.0,65967.5,66267.87,2008.24903,66370.73719354757,66913.69541535567,,0.0,0.0,
2024-06-15 04:00:00+00:00,66267.87,66416.66,66065.8,66076.99,2891.47187,66297.30039516068,66820.72814698282,,0.0,0.0,
2024-06-15 08:00:00+00:00,66076.99,66348.0,66076.98,66319.95,1493.77779,66302.96279637051,66765.0861306514,,0.0,0.0,
2024-06-15 12:00:00+00:00,66319.94,66478.48,66153.84,66316.02,2100.54737,66306.22709727788,66715.18989391235,,0.0,66478.48,
2024-06-15 16:00:00+00:00,66316.02,66360.0,66071.47,66154.7,1431.64709,66268.34532295841,66652.9132390332,,0.0,0.0,
2024-06-15 20:00:00+00:00,66154.7,66287.76,65857.1,66228.25,1526.10927,66258.3214922188,66605.72843469617,,65857.1,0.0,
2024-06-16 00:00:00+00:00,66228.25,66269.74,66076.55,66146.0,790.58916,66230.2411191641,66554.6474975077,,0.0,0.0,
2024-06-16 04:00:00+00:00,66145.99,66360.18,66034.5,66266.3,1179.96721,66239.25583937307,66522.60888667351,,0.0,0.0,
2024-06-16 08:00:00+00:00,66266.3,66770.0,66172.5,66492.83,2395.77885,66302.6493795298,66519.30012148757,,0.0,0.0,
2024-06-16 12:00:00+00:00,66492.83,66793.72,66480.0,66712.8,1854.32659,66405.18703464736,66540.80010798895,,0.0,0.0,
2024-06-16 16:00:00+00:00,66712.8,66744.71,66522.0,66562.52,1140.46531,66444.52027598552,66543.21342932351,,0.0,0.0,
2024-06-16 20:00:00+00:00,66562.52,66998.7,66460.0,66676.87,2031.39511,66502.60770698913,66558.06415939868,,0.0,66998.7,
2024-06-17 00:00:00+00:00,66676.86,66913.69,66155.0,66222.0,3307.38167,66432.45578024184,66520.72369724327,,0.0,0.0,
2024-06-17 04:00:00+00:00,66222.0,66567.68,65939.67,66172.0,2843.05342,66367.34183518137,66481.9766197718,,0.0,0.0,
2024-06-17 08:00:00+00:00,66172.0,66317.64,65556.0,65817.2,4095.43003,66229.80637638603,66408.11255090826,,0.0,0.0,
2024-06-17 12:00:00+00:00,65817.2,65827.9,65130.0,65368.0,5353.73577,66014.35478228952,66292.54448969623,,65130.0,0.0,
2024-06-17 16:00:00+00:00,65368.0,67298.81,65138.0,66691.99,8280.08295,66183.76358671713,66336.92732417442,,0.0,67298.81,
2024-06-17 20:00:00+00:00,66691.99,66764.7,66164.01,66504.33,3506.48467,66263.90519003785,66355.52762148838,,0.0,0.0,
2024-06-18 00:00:00+00:00,66504.33,66588.23,64569.0,65500.0,11041.36558,66072.92889252839,66260.46899687855,,64569.0,0.0,
2024-06-18 04:00:00+00:00,65500.0,65845.47,65344.24,65672.51,4340.32865,65972.82416939629,66195.1402194476,,0.0,0.0,
2024-06-18 08:00:00+00:00,65672.51,65750.01,65100.0,65366.0,3732.15562,65821.11812704722,66103.01352839786,,0.0,0.0,
2024-06-18 12:00:00+00:00,65366.0,65433.97,64261.12,64706.0,11395.51177,65542.33859528542,65947.78980302032,,0.0,0.0,
2024-06-18 16:00:00+00:00,64705.99,64904.91,64060.0,64412.19,6974.9316,65259.80144646406,65777.16760268473,,64060.0,0.0,
2024-06-18 20:00:00+00:00,64412.18,65305.0,64178.1,65175.32,4865.80922,65238.681084848045,65710.29564683087,,0.0,0.0,
2024-06-19 00:00:00+00:00,65175.32,65603.91,64810.62,65404.0,5262.16662,65280.010813636036,65676.262797183,,0.0,0.0,
2024-06-19 04:00:00+00:00,65404.0,65727.54,65158.05,65326.89,3599.20908,65291.73061022702,65637.44359749599,,0.0,65727.54,
2024-06-19 08:00:00+00:00,65326.89,65544.0,65000.0,65210.0,3851.72512,65271.297957670264,65589.94986444089,,0.0,0.0,
2024-06-19 12:00:00+00:00,65210.0,65310.02,64756.28,64922.0,3230.69752,65183.9734682527,65515.73321283635,,0.0,0.0,
2024-06-19 16:00:00+00:00,64921.99,65284.37,64791.76,64882.01,2587.30051,65108.48260118952,65445.3195225212,,0.0,0.0,
2024-06-19 20:00:00+00:00,64882.02,65087.76,64666.0,64974.37,1529.69691,65074.95445089214,65392.99179779662,,64666.0,0.0,
2024-06-20 00:00:00+00:00,64974.37,65407.4,64818.72,65189.99,2764.12678,65103.7133381691,65370.43604248588,,0.0,0.0,
2024-06-20 04:00:00+00:00,65190.0,65967.39,65070.91,65858.84,3218.48909,65292.49500362683,65424.70314887634,,0.0,0.0,
2024-06-20 08:00:00+00:00,65858.84,66482.94,65559.45,66169.85,3716.69714,65511.83375272012,65507.497243445636,,0.0,66482.94,1.0
2024-06-20 12:00:00+00:00,66169.86,66300.5,64658.06,64831.23,7331.76705,65341.682814540094,65432.35643861834,,0.0,0.0,
2024-06-20 16:00:00+00:00,64831.24,65217.21,64559.15,65050.0,5208.45123,65268.76211090507,65389.87238988297,,0.0,0.0,
2024-06-20 20:00:00+00:00,65049.99,65200.11,64848.7,64869.99,2025.75902,65169.0690831788,65332.10767989598,,0.0,0.0,
2024-06-21 00:00:00+00:00,64869.99,65066.66,64345.0,64506.14,3151.09938,65003.3368123841,65240.33349324087,,0.0,0.0,
2024-06-21 04:00:00+00:00,64506.15,64739.09,64190.76,64201.63,3017.09525,64802.910109288074,65124.921993991884,,0.0,0.0,
2024-06-21 08:00:00+00:00,64201.63,64372.15,63522.75,63770.0,6116.25686,64544.68258196606,64974.37510577057,,0.0,0.0,
2024-06-21 12:00:00+00:00,63770.01,64360.0,63379.35,63732.02,7918.52722,64341.516936474545,64836.33564957383,,63379.35,0.0,
2024-06-21 16:00:00+00:00,63732.02,64264.95,63465.17,64232.01,4035.76865,64314.140202355906,64769.18835517674,,0.0,0.0,
2024-06-21 20:00:00+00:00,64232.01,64460.14,63828.09,64143.56,1754.81706,64271.495151766925,64699.67409349044,,0.0,0.0,
2024-06-22 00:00:00+00:00,64143.56,64342.54,63943.82,64327.45,1615.03389,64285.4838638252,64658.315860880386,,0.0,0.0,
2024-06-22 04:00:00+00:00,64327.46,64540.26,64253.07,64520.0,2121.70614,64344.112897868894,64642.94743189368,,0.0,0.0,
2024-06-22 08:00:00+00:00,64519.99,64546.81,64214.43,64265.26,1376.34835,64324.39967340167,64600.98216168327,,0.0,64546.81,
2024-06-22 12:00:00+00:00,64265.27,64397.82,64246.52,64307.08,930.39133,64320.069755051256,64568.32636594069,,0.0,0.0,
2024-06-22 16:00:00+00:00,64307.09,64362.0,64218.5,64295.01,729.0975,64313.804816288444,64537.95788083617,,0.0,0.0,
2024-06-22 20:00:00+00:00,64295.01,64330.0,64246.01,64262.01,536.37821,64300.85611221634,64507.297005187706,,0.0,0.0,
2024-06-23 00:00:00+00:00,64262.01,64521.0,64262.0,64416.14,1222.9115,64329.67708416225,64497.16844905574,,0.0,64521.0,
2024-06-23 04:00:00+00:00,64416.14,64433.03,64349.49,64415.27,526.41413,64351.075313121684,64488.06862138288,,0.0,0.0,
2024-06-23 08:00:00+00:00,64415.27,64437.28,64252.85,64341.45,945.7319,64348.668984841264,64471.77766345145,,0.0,0.0,
2024-06-23 12:00:00+00:00,64341.46,64429.1,64049.41,64094.0,1383.12991,64285.00173863095,64429.8023675124,,0.0,0.0,
2024-06-23 16:00:00+00:00,64094.01,64187.62,63918.58,64149.78,1430.37834,64251.19630397321,64398.688771122135,,0.0,0.0,
2024-06-23 20:00:00+00:00,64149.78,64159.0,63178.32,63210.01,2715.88869,63990.89972797991,64266.613352108565,,0.0,0.0,
2024-06-24 00:00:00+00:00,63210.01,63369.8,62695.02,62862.0,4626.61921,63708.67479598493,64110.54520187428,,0.0,0.0,
2024-06-24 04:00:00+00:00,62862.0,62952.0,62160.72,62456.0,5068.08372,63395.5060969887,63926.70684611047,,0.0,0.0,
2024-06-24 08:00:00+00:00,62456.0,62975.6,60567.01,61291.95,12136.79401,62869.61707274152,63633.95608543153,,0.0,0.0,
2024-06-24 12:00:00+00:00,61291.95,61700.0,60670.36,60843.99,5796.95477,62363.21030455614,63323.959853716915,,0.0,0.0,
2024-06-24 16:00:00+00:00,60843.99,61044.44,59058.0,59306.72,16409.89475,61599.0877284171,62877.59986997059,,0.0,0.0,
2024-06-24 20:00:00+00:00,59306.72,60442.71,58402.0,60293.3,8123.00768,61272.64079631283,62590.455439973855,,58402.0,0.0,
2024-06-25 00:00:00+00:00,60293.3,61598.87,60257.06,61302.59,4817.65654,61280.12809723462,62447.35927997676,,0.0,61598.87,
2024-06-25 04:00:00+00:00,61302.59,61420.0,60624.63,60685.16,4078.38689,61131.38607292597,62251.55935997934,,0.0,0.0,
2024-06-25 08:00:00+00:00,60685.16,61583.18,60668.01,61187.64,4679.07209,61145.449554694475,62133.346097759415,,0.0,0.0,
2024-06-25 12:00:00+00:00,61187.64,62134.0,60953.23,61810.0,8735.80046,61311.58716602086,62097.41875356392,,0.0,0.0,
2024-06-25 16:00:00+00:00,61810.0,62420.0,61135.37,61975.46,6527.99194,61477.55537451564,62083.86778094571,,0.0,0.0,
2024-06-25 20:00:00+00:00,61975.46,62162.49,61664.0,61806.01,2350.33569,61559.66903088673,62052.99469417396,,0.0,0.0,
2024-06-26 00:00:00+00:00,61806.01,62487.81,61643.48,61936.07,3538.82122,61653.769273165046,62040.003061487965,,0.0,62487.81,
2024-06-26 04:00:00+00:00,61936.07,61990.0,61520.0,61720.02,3492.11682,61670.331954873785,62004.449387989305,,0.0,0.0,
2024-06-26 08:00:00+00:00,61720.02,61754.6,61149.64,61445.26,3493.404,61614.06396615534,61942.31723376827,,0.0,0.0,
2024-06-26 12:00:00+00:00,61445.26,61980.0,61182.8,61467.86,4713.90642,61577.512974616504,61889.59976334957,,0.0,0.0,
2024-06-26 16:00:00+00:00,61467.85,61547.02,60715.3,61000.01,5015.68985,61433.13723096238,61790.75645631073,,0.0,0.0,
2024-06-26 20:00:00+00:00,61000.01,61155.66,60712.0,60864.99,2231.72632,61291.10042322178,61687.89351672065,,0.0,0.0,
2024-06-27 00:00:00+00:00,60864.98,61300.0,60764.73,61037.31,2391.00432,61227.65281741634,61615.606459307244,,0.0,0.0,
2024-06-27 04:00:00+00:00,61037.31,61192.0,60606.63,60794.01,2714.73648,61119.24211306225,61524.31796382866,,60606.63,0.0,
2024-06-27 08:00:00+00:00,60794.01,61455.15,60736.62,61196.02,2628.05752,61138.43658479669,61487.84041229214,,0.0,0.0,
2024-06-27 12:00:00+00:00,61196.01,62389.22,61154.6,61576.0,6247.05892,61247.82743859752,61497.63592203746,,0.0,62389.22,
2024-06-27 16:00:00+00:00,61576.0,62015.52,61411.7,61450.0,2557.37367,61298.37057894814,61492.34304181107,,0.0,0.0,
2024-06-27 20:00:00+00:00,61450.0,61719.92,61338.56,61706.47,1806.0554,61400.3954342111,61516.134926054285,,0.0,0.0,
2024-06-28 00:00:00+00:00,61706.46,62225.31,61472.37,61828.17,3950.34413,61507.339075658325,61550.80548982603,,0.0,62225.31,
2024-06-28 04:00:00+00:00,61828.17,61834.41,61236.0,61350.01,2679.62058,61468.006806743746,61528.49487984536,,0.0,0.0,
2024-06-28 08:00:00+00:00,61350.01,61792.34,61212.11,61690.0,3397.52649,61523.50510505781,61546.43989319588,,0.0,0.0,
2024-06-28 12:00:00+00:00,61690.0,61875.0,60751.0,61062.01,7645.83227,61408.13132879336,61492.61434950745,,0.0,61875.0,
2024-06-28 16:00:00+00:00,61062.0,61119.58,60079.41,60123.73,5131.47495,61087.03099659502,61340.51608845107,,0.0,0.0,
2024-06-28 20:00:00+00:00,60123.73,60450.0,60063.0,60427.84,2016.39413,60922.23324744627,61239.10763417873,,60063.0,0.0,
2024-06-29 00:00:00+00:00,60427.84,61009.29,60383.77,60762.0,3105.17344,60882.1749355847,61186.095674825534,,0.0,0.0,
2024-06-29 04:00:00+00:00,60762.0,61146.64,60704.46,61052.3,1662.89798,60924.706201688525,61171.22948873381,,0.0,0.0,
2024-06-29 08:00:00+00:00,61052.3,61224.0,60890.03,61102.33,2290.41854,60969.112151266396,61163.573989985605,,0.0,61224.0,
2024-06-29 12:00:00+00:00,61102.33,61182.7,60949.67,61106.0,1996.83297,61003.3341134498,61157.17687998721,,0.0,0.0,
2024-06-29 16:00:00+00:00,61106.0,61124.0,60915.12,61057.39,1250.42383,61016.848085087346,61146.089448877516,,0.0,0.0,
2024-06-29 20:00:00+00:00,61057.38,61090.0,60839.51,60986.68,1203.81228,61009.30606381551,61128.377287891126,,0.0,0.0,
2024-06-30 00:00:00+00:00,60986.68,61078.01,60740.94,60898.32,1806.11748,60981.55954786163,61102.81536701434,,0.0,0.0,
2024-06-30 04:00:00+00:00,60898.32,61782.0,60712.21,61528.01,3143.78973,61118.172160896225,61150.05921512385,,60712.21,0.0,
2024-06-30 08:00:00+00:00,61528.01,61713.65,61393.07,61560.0,2353.60654,61228.629120672165,61195.6081912212,,0.0,0.0,1.0
2024-06-30 12:00:00+00:00,61560.0,61860.0,61346.0,61717.9,2664.88075,61350.946840504126,61253.640614418844,,0.0,0.0,
2024-06-30 16:00:00+00:00,61717.9,62109.81,61590.01,62026.83,2493.15916,61519.9176303781,61339.55054615009,,0.0,0.0,
2024-06-30 20:00:00+00:00,62026.83,63058.76,61835.2,62772.01,4864.7477,61832.940722783576,61498.71270768897,,0.0,0.0,
2024-07-01 00:00:00+00:00,62772.01,63818.33,62573.32,63437.69,6859.32328,62234.12804208769,61714.15462905686,,0.0,63818.33,
2024-07-01 04:00:00+00:00,63437.69,63466.92,63223.2,63277.84,1948.86897,62495.056031565764,61887.89744805054,,0.0,0.0,
2024-07-01 08:00:00+00:00,63277.84,63314.99,62593.07,62662.09,3745.11478,62536.81452367432,61973.918842711595,,0.0,0.0,
2024-07-01 12:00:00+00:00,62662.09,63166.11,62497.2,63132.9,4514.7061,62685.83589275574,62102.69452685475,,62497.2,0.0,
2024-07-01 16:00:00+00:00,63132.9,63861.76,62966.77,63226.78,5479.95754,62821.071919566806,62227.59291275978,,0.0,63861.76,
2024-07-01 20:00:00+00:00,63226.78,63423.48,62804.6,62899.99,1999.13471,62840.8014396751,62302.303700230914,,0.0,0.0,
2024-07-02 00:00:00+00:00,62900.0,63288.83,62787.42,63138.67,1678.91798,62915.268579756324,62395.23328909415,,0.0,0.0,
2024-07-02 04:00:00+00:00,63138.68,63245.8,62580.0,62629.99,2518.53154,62843.94893481724,62421.317368083684,,0.0,0.0,
2024-07-02 08:00:00+00:00,62630.0,62866.2,62401.23,62832.01,4139.03014,62840.96420111293,62466.94988274105,,0.0,0.0,
2024-07-02 12:00:00+00:00,62832.01,63152.0,61823.74,61948.08,5966.58949,62617.7431508347,62409.2976735476,,0.0,0.0,
2024-07-02 16:00:00+00:00,61948.08,62368.81,61806.28,61939.1,2841.63377,62448.08236312603,62357.05348759786,,0.0,0.0,
2024-07-02 20:00:00+00:00,61939.1,62181.24,61875.55,62135.47,1428.41583,62369.929272344525,62332.433100086986,,0.0,0.0,
2024-07-03 00:00:00+00:00,62135.46,62285.94,60600.0,60987.99,5145.57685,62024.444454258395,62183.05053341066,,0.0,0.0,
2024-07-03 04:00:00+00:00,60988.0,61181.84,60816.0,60870.01,2356.603,61735.8358406938,62037.157140809475,,0.0,0.0,
2024-07-03 08:00:00+00:00,60870.01,60978.19,59600.0,60386.01,8846.07874,61398.379380520346,61853.6963473862,,59600.0,0.0,
2024-07-03 12:00:00+00:00,60386.01,60740.2,59752.29,60186.25,7199.97498,61095.34703539026,61668.42453100995,,0.0,0.0,
2024-07-03 16:00:00+00:00,60186.25,60655.56,59666.0,59671.1,4933.93774,60739.285276542694,61446.499583119956,,0.0,0.0,
2024-07-03 20:00:00+00:00,59671.11,60374.82,59400.0,60208.58,3677.93996,60606.60895740702,61308.95296277329,,0.0,0.0,
2024-07-04 00:00:00+00:00,60208.57,60498.19,57800.01,59102.0,13491.78125,60230.45671805527,61063.73596690959,,0.0,0.0,
2024-07-04 04:00:00+00:00,59102.0,59150.0,58104.0,58219.99,4995.15301,59727.84003854145,60747.76419280852,,0.0,0.0,
2024-07-04 08:00:00+00:00,58219.99,58506.18,56952.0,57761.94,13240.07067,59236.36502890609,60416.00594916313,,0.0,0.0,
2024-07-04 12:00:00+00:00,57761.95,58350.19,56771.0,58140.0,12117.63525,58962.27377167957,60163.11639925612,,56771.0,0.0,
2024-07-04 16:00:00+00:00,58140.0,58676.24,57752.27,58283.62,5009.28193,58792.61032875968,59954.28346600544,,0.0,0.0,
2024-07-04 20:00:00+00:00,58283.62,58813.13,56866.0,57050.01,5714.85065,58356.96024656976,59631.58641422706,,0.0,58813.13,
2024-07-05 00:00:00+00:00,57050.02,57546.0,55000.0,55227.99,18842.91117,57574.717684927324,59142.29792375738,,0.0,0.0,
2024-07-05 04:00:00+00:00,55228.0,55356.42,53485.93,54415.05,18348.50944,56784.80076369549,58617.048154451004,,53485.93,0.0,
2024-07-05 08:00:00+00:00,54415.04,55650.0,53900.0,55486.5,14058.05864,56460.22557277162,58269.209470623115,,0.0,0.0,
2024-07-05 12:00:00+00:00,55486.51,56678.19,54828.52,56662.0,16600.37842,56510.66917957871,58090.63064055388,,0.0,0.0,
2024-07-05 16:00:00+00:00,56662.99,57040.02,55779.33,56465.42,10590.10229,56499.356884684035,57910.05168049234,,0.0,57040.02,
2024-07-05 20:00:00+00:00,56465.41,56866.0,56315.0,56628.79,2908.2876,56531.71516351303,57767.68927154875,,0.0,0.0,
2024-07-06 00:00:00+00:00,56628.79,56998.0,56170.5,56410.0,4430.41318,56501.28637263477,57616.83490804333,,0.0,0.0,
2024-07-06 04:00:00+00:00,56409.99,56683.9,56018.0,56606.0,3090.15552,56527.46477947608,57504.51991826074,,56018.0,0.0,
2024-07-06 08:00:00+00:00,56606.0,56876.33,56436.78,56731.42,2361.38025,56578.453584607065,57418.61992734288,,0.0,0.0,
2024-07-06 12:00:00+00:00,56731.42,57441.1,56500.0,57317.98,4879.13871,56763.3351884553,57407.43771319367,,0.0,0.0,
2024-07-06 16:00:00+00:00,57317.99,58113.0,57185.76,57857.99,4272.51181,57036.99889134147,57457.49907839437,,0.0,0.0,
2024-07-06 20:00:00+00:00,57857.99,58475.0,57806.92,58230.13,2617.71611,57335.281668506104,57543.34695857277,,0.0,58475.0,
2024-07-07 00:00:00+00:00,58230.13,58449.46,57838.0,57963.45,3130.97845,57492.323751379576,57590.02507428691,,0.0,0.0,
2024-07-07 04:00:00+00:00,57963.46,58007.87,57073.36,57369.99,3555.09321,57461.74031353468,57565.576732699476,,0.0,0.0,
2024-07-07 08:00:00+00:00,57369.99,57911.71,57350.94,57460.0,2240.99923,57461.30523515101,57553.84598462176,,0.0,0.0,
2024-07-07 12:00:00+00:00,57460.0,57631.02,56563.46,56825.42,4001.28632,57302.33392636326,57472.90976410823,,0.0,0.0,
2024-07-07 16:00:00+00:00,56825.42,57392.0,56755.55,57151.1,1983.16539,57264.525444772444,57437.15312365176,,0.0,0.0,
2024-07-07 20:00:00+00:00,57151.1,57319.1,55724.37,55857.81,4207.41658,56912.84658357933,57261.67055435712,,0.0,0.0,
2024-07-08 00:00:00+00:00,55857.81,56023.07,54260.16,55160.01,11551.58728,56474.6374376845,57028.152714984106,,54260.16,0.0,
2024-07-08 04:00:00+00:00,55160.0,55900.0,54963.62,55852.01,4404.65688,56318.98057826338,56897.47019109698,,0.0,0.0,
2024-07-08 08:00:00+00:00,55852.0,58236.73,55741.11,57154.01,11849.7342,56527.737933697535,56925.97461430843,,0.0,58236.73,
2024-07-08 12:00:00+00:00,57154.01,57621.1,54800.0,55761.52,12916.02666,56336.18345027315,56796.59076827416,,54800.0,0.0,
2024-07-08 16:00:00+00:00,55761.52,56574.99,55425.74,56477.31,4703.86519,56371.46508770486,56761.11512735481,,0.0,0.0,
2024-07-08 20:00:00+00:00,56477.3,56971.94,56200.0,56714.62,2664.33469,56457.25381577865,56755.94900209316,,0.0,0.0,
2024-07-09 00:00:00+00:00,56714.61,57362.66,56289.45,57168.36,4128.26169,56635.03036183398,56801.77244630503,,0.0,0.0,
2024-07-09 04:00:00+00:00,57168.36,57754.0,57011.5,57116.84,4342.95753,56755.482771375486,56836.77995227114,,0.0,0.0,
2024-07-09 08:00:00+00:00,57116.84,57900.0,57024.01,57428.01,3810.42794,56923.61457853162,56902.47217979657,,0.0,0.0,1.0
2024-07-09 12:00:00+00:00,57428.01,58131.09,56903.0,57477.01,8788.77381,57061.963433898716,56966.30971537473,,56903.0,0.0,
2024-07-09 16:00:00+00:00,57477.0,58296.0,57362.08,57862.01,4164.8292,57261.97507542404,57065.83196922198,,0.0,58296.0,
2024-07-09 20:00:00+00:00,57862.01,58260.0,57704.3,58050.0,2496.95771,57458.98130656803,57175.18397264176,,0.0,0.0,
2024-07-10 00:00:00+00:00,58050.0,58208.0,57309.09,58180.01,2762.2326,57639.23847992602,57286.831309014895,,57309.09,0.0,
2024-07-10 04:00:00+00:00,58180.0,59470.0,58180.0,58977.99,6066.4939,57973.92635994451,57474.73783023546,,0.0,59470.0,
2024-07-10 08:00:00+00:00,58977.99,59032.82,58311.66,58492.0,4042.42633,58103.44476995838,57587.7669602093,,0.0,0.0,
2024-07-10 12:00:00+00:00,58492.0,58550.0,57471.12,57699.69,6905.27165,58002.50607746879,57600.20285351938,,0.0,0.0,
2024-07-10 16:00:00+00:00,57699.69,58019.89,57353.84,57392.03,3000.7172,57849.887058101594,57577.072536461674,,0.0,0.0,
2024-07-10 20:00:00+00:00,57392.03,57879.58,57157.79,57725.85,2174.59631,57818.8777935762,57593.60336574371,,0.0,0.0,
2024-07-11 00:00:00+00:00,57725.85,58407.05,57050.0,57568.0,4166.29718,57756.15834518215,57590.75854732774,,57050.0,0.0,
2024-07-11 04:00:00+00:00,57568.0,58300.0,57488.28,58191.5,3450.47132,57864.993758886616,57657.50759762466,,0.0,0.0,
2024-07-11 08:00:00+00:00,58191.5,58936.52,58052.0,58777.99,4104.41357,58093.24281916496,57782.00564233303,,0.0,0.0,
2024-07-11 12:00:00+00:00,58777.99,59650.0,57266.58,57402.01,12045.90104,57920.43461437372,57739.783904296026,,0.0,59650.0,
2024-07-11 16:00:00+00:00,57402.01,58000.61,57178.0,57378.01,3674.1921,57784.82846078029,57699.58680381869,,0.0,0.0,
2024-07-11 20:00:00+00:00,57378.0,57636.0,57150.0,57339.89,2319.78214,57673.593845585216,57659.62049228328,,0.0,0.0,
2024-07-12 00:00:00+00:00,57339.89,57571.86,56542.47,56914.01,3755.44316,57483.697884188914,57576.77488202958,,56542.47,0.0,
2024-07-12 04:00:00+00:00,56914.01,57416.13,56716.68,57106.94,2909.38206,57389.50841314169,57524.571006248516,,0.0,0.0,
2024-07-12 08:00:00+00:00,57106.95,57334.32,56767.05,57203.54,3142.52354,57343.01630985626,57488.900894443126,,0.0,0.0,
2024-07-12 12:00:00+00:00,57203.54,58278.0,57000.0,58214.0,6704.3943,57560.7622323922,57569.467461727225,,0.0,0.0,
2024-07-12 16:00:00+00:00,58213.99,58526.68,57500.0,57576.01,4912.50519,57564.574174294146,57570.1944104242,,0.0,58526.68,
2024-07-12 20:00:00+00:00,57576.01,57906.1,57150.06,57889.1,2228.20865,57645.70563072061,57605.62836482151,,0.0,0.0,1.0
2024-07-13 00:00:00+00:00,57889.09,57991.5,57762.39,57814.0,1446.83324,57687.77922304046,57628.780768730234,,0.0,0.0,
2024-07-13 04:00:00+00:00,57814.0,58216.08,57756.63,58170.32,1632.17504,57808.41441728034,57688.951794426874,,0.0,0.0,
2024-07-13 08:00:00+00:00,58170.33,58854.98,57900.57,58534.0,3065.17976,57989.810812960255,57782.846039490556,,0.0,0.0,
2024-07-13 12:00:00+00:00,58534.0,58899.46,58434.38,58830.63,2936.67433,58200.01560972019,57899.26647954716,,0.0,0.0,
2024-07-13 16:00:00+00:00,58830.62,58964.89,58572.98,58624.38,1692.04143,58306.10670729014,57979.834648486365,,0.0,0.0,
2024-07-13 20:00:00+00:00,58624.38,59850.0,58288.19,59204.02,4584.84139,58530.585030467606,58115.85524309899,,58288.19,0.0,
2024-07-14 00:00:00+00:00,59204.01,59838.0,59194.01,59466.15,3229.454,58764.476272850705,58265.88799386577,,0.0,0.0,
2024-07-14 04:00:00+00:00,59466.16,60324.61,59418.68,60062.01,4786.53502,59088.85970463803,58465.45710565846,,0.0,0.0,
2024-07-14 08:00:00+00:00,60062.01,60400.0,59904.0,60099.1,2939.8847,59341.41977847852,58646.97298280752,,0.0,60400.0,
2024-07-14 12:00:00+00:00,60099.1,60236.13,59466.67,60084.0,3186.29928,59527.064833858894,58806.64265138446,,0.0,0.0,
2024-07-14 16:00:00+00:00,60084.0,60184.99,59894.16,59915.99,1320.94796,59624.29612539417,58929.903467897304,,0.0,0.0,
2024-07-14 20:00:00+00:00,59916.0,61420.69,59880.0,60797.91,5715.21811,59917.699594045625,59137.45974924205,,0.0,0.0,
2024-07-15 00:00:00+00:00,60797.91,62796.01,60632.3,62647.87,8302.39428,60600.24219553422,59527.5053326596,,0.0,0.0,
2024-07-15 04:00:00+00:00,62647.87,63084.0,62433.01,62840.12,4843.17921,61160.21164665067,59895.57362903076,,0.0,0.0,
2024-07-15 08:00:00+00:00,62840.12,63243.71,62290.0,62454.0,4225.17162,61483.658734988,60179.84322580512,,0.0,0.0,
2024-07-15 12:00:00+00:00,62454.0,63328.0,62444.67,63026.0,6566.03185,61869.244051240996,60496.08286738233,,0.0,0.0,
2024-07-15 16:00:00+00:00,63026.01,63820.15,62852.0,63342.0,8649.43196,62237.43303843075,60812.29588211762,,0.0,0.0,
2024-07-15 20:00:00+00:00,63342.0,64900.0,63251.65,64724.14,6104.76928,62859.10977882306,61246.945228549,,0.0,0.0,
2024-07-16 00:00:00+00:00,64724.06,64955.49,64436.2,64752.14,4459.14074,63332.3673341173,61636.41131426577,,0.0,0.0,
2024-07-16 04:00:00+00:00,64752.14,64993.95,62721.79,62895.01,9913.30874,63223.028000587976,61776.25561268069,,0.0,64993.95,
2024-07-16 08:00:00+00:00,62895.01,63872.2,62373.24,63746.11,6280.01898,63353.798500440986,61995.128322382836,,62373.24,0.0,
2024-07-16 12:00:00+00:00,63746.11,64960.86,63063.83,64878.24,8930.8138,63734.90887533074,62315.4740643403,,0.0,0.0,
2024-07-16 16:00:00+00:00,64878.24,65200.0,64111.56,65165.43,7931.24617,64092.53915649805,62632.13583496915,,0.0,0.0,
2024-07-16 20:00:00+00:00,65165.42,65388.97,64115.0,65043.99,5016.00072,64330.40186737354,62900.11963108369,,0.0,0.0,
2024-07-17 00:00:00+00:00,65044.0,66128.63,64932.31,65701.66,5877.77737,64673.21640053016,63211.401894296614,,0.0,66128.63,
2024-07-17 04:00:00+00:00,65701.66,65993.14,65198.62,65258.0,4387.02514,64819.41230039762,63438.80168381921,,0.0,0.0,
2024-07-17 08:00:00+00:00,65258.01,65500.0,64560.0,64723.73,4608.68913,64795.49172529821,63581.57149672819,,0.0,0.0,
2024-07-17 12:00:00+00:00,64723.73,65400.0,64537.41,64724.01,6216.23738,64777.62129397366,63708.50910820284,,0.0,0.0,
2024-07-17 16:00:00+00:00,64724.01,64766.99,63854.0,64585.78,5893.07209,64729.66097048024,63805.983651735856,,63854.0,0.0,
2024-07-17 20:00:00+00:00,64585.78,64672.89,64058.0,64087.99,2584.72843,64569.24322786018,63837.317690431875,,0.0,0.0,
2024-07-18 00:00:00+00:00,64087.99,65133.3,63910.0,64865.08,4071.27925,64643.20242089513,63951.51350260611,,0.0,65133.3,
2024-07-18 04:00:00+00:00,64865.09,65061.5,64402.35,64668.0,2950.56928,64649.40181567135,64031.12311342765,,0.0,0.0,
2024-07-18 08:00:00+00:00,64668.0,64950.0,64441.94,64758.0,2394.45662,64676.55136175351,64111.88721193569,,0.0,0.0,
2024-07-18 12:00:00+00:00,64758.0,65111.29,63400.0,63538.12,6967.85898,64391.94352131513,64048.13529949839,,0.0,65111.29,
2024-07-18 16:00:00+00:00,63538.12,63958.51,63238.48,63555.0,4155.67605,64182.70764098635,63993.34248844301,,63238.48,0.0,
2024-07-18 20:00:00+00:00,63555.0,64122.43,63438.21,63987.92,2028.88232,64134.01073073976,63992.739989727124,,0.0,0.0,
2024-07-19 00:00:00+00:00,63987.92,64368.62,63300.67,64325.0,3161.96417,64181.75804805482,64029.657768646335,,0.0,0.0,
2024-07-19 04:00:00+00:00,64324.99,64486.0,63600.0,63694.01,4022.16332,64059.82103604112,63992.363572130074,,0.0,0.0,
2024-07-19 08:00:00+00:00,63694.01,64182.77,63409.01,64116.0,3490.01318,64073.865777030835,64006.10095300451,,0.0,0.0,
2024-07-19 12:00:00+00:00,64115.99,65888.0,64005.57,65836.77,10348.62908,64514.59183277313,64209.5086248929,,0.0,0.0,
2024-07-19 16:00:00+00:00,65836.76,67386.0,65827.62,67157.26,11099.18996,65175.25887457984,64537.036555460356,,0.0,67386.0,
2024-07-19 20:00:00+00:00,67157.25,67352.44,66616.19,66660.0,3512.76768,65546.44415593488,64772.92138263143,,0.0,0.0,
2024-07-20 00:00:00+00:00,66660.01,66822.22,66222.46,66602.01,2794.0079,65810.33561695115,64976.15345122794,,0.0,0.0,
2024-07-20 04:00:00+00:00,66602.0,66775.11,66436.0,66562.28,1871.55513,65998.32171271337,65152.38973442483,,0.0,0.0,
2024-07-20 08:00:00+00:00,66562.27,66733.09,66458.83,66483.69,1353.5524,66119.66378453502,65300.31198615541,,0.0,0.0,
2024-07-20 12:00:00+00:00,66483.69,66832.0,66273.62,66825.0,1565.74689,66295.99783840126,65469.72176547148,,66273.62,0.0,
2024-07-20 16:00:00+00:00,66824.99,67598.0,66679.01,67224.0,4139.41482,66527.99837880096,65664.64156930798,,0.0,67598.0,
2024-07-20 20:00:00+00:00,67224.0,67430.01,66790.9,67139.96,2662.6472,66680.98878410071,65828.56583938487,,0.0,0.0,
2024-07-21 00:00:00+00:00,67139.97,67436.22,66962.0,67171.33,1473.02827,66803.57408807553,65977.761857231,,0.0,0.0,
2024-07-21 04:00:00+00:00,67171.33,67220.52,66592.1,66701.99,1958.03031,66778.17806605666,66058.231650872,,66592.1,0.0,
2024-07-21 08:00:00+00:00,66702.0,67062.77,66680.0,66879.99,1335.82107,66803.6310495425,66149.53813410844,,0.0,0.0,
2024-07-21 12:00:00+00:00,66879.99,67499.99,66616.0,67164.0,2766.07202,66893.72328715687,66262.25611920751,,0.0,0.0,
2024-07-21 16:00:00+00:00,67164.0,67713.0,65777.0,67422.02,9311.54907,67025.79746536765,66391.11877262889,,65777.0,0.0,
2024-07-21 20:00:00+00:00,67422.03,68366.66,67274.69,68165.34,4974.61117,67310.68309902574,66588.25446455901,,0.0,0.0,
2024-07-22 00:00:00+00:00,68165.35,68474.55,67753.72,67880.01,2930.46409,67453.01482426931,66731.78285738578,,0.0,68474.55,
2024-07-22 04:00:00+00:00,67880.01,67996.01,67122.22,67236.0,2950.64733,67398.76111820198,66787.80698434293,,0.0,0.0,
2024-07-22 08:00:00+00:00,67236.01,67599.0,66944.1,67516.01,2471.17079,67428.07333865148,66868.71843052705,,0.0,0.0,
2024-07-22 12:00:00+00:00,67516.01,67952.39,66559.97,67063.87,5487.87343,67337.02250398861,66890.40193824627,,66559.97,0.0,
2024-07-22 16:00:00+00:00,67063.87,68250.0,66798.36,68232.07,3909.8301,67560.78437799145,67039.47616733002,,0.0,0.0,
2024-07-22 20:00:00+00:00,68232.08,68256.0,67224.11,67532.01,3701.05729,67553.5907834936,67094.2021487378,,0.0,68256.0,
2024-07-23 00:00:00+00:00,67532.0,67750.98,67183.98,67473.99,2359.78706,67533.69058762019,67136.40079887804,,0.0,0.0,
2024-07-23 04:00:00+00:00,67473.98,67526.01,66256.39,66576.0,5421.15607,67294.26794071514,67074.13404344715,,0.0,0.0,
2024-07-23 08:00:00+00:00,66576.0,67166.01,66454.0,66676.01,4791.70581,67139.70345553636,67029.89803861969,,0.0,0.0,
2024-07-23 12:00:00+00:00,66676.0,67349.03,65962.0,66584.01,8657.6177,67000.78009165227,66980.3549232175,,0.0,0.0,
2024-07-23 16:00:00+00:00,66584.01,66780.01,65441.08,65536.01,6601.90145,66634.5875687392,66819.87215397111,,65441.08,0.0,
2024-07-23 20:00:00+00:00,65536.0,66054.0,65472.54,65936.01,3573.98507,66459.9431765544,66721.66524797432,,0.0,0.0,
2024-07-24 00:00:00+00:00,65936.0,66146.01,65476.84,66052.71,2432.59154,66358.1348824158,66647.33688708828,,0.0,0.0,
2024-07-24 04:00:00+00:00,66052.71,66080.01,65610.0,66078.0,2427.93275,66288.10116181185,66584.07723296736,,0.0,0.0,
2024-07-24 08:00:00+00:00,66078.0,66600.0,66008.0,66367.99,3288.02602,66308.07337135889,66560.06754041543,,0.0,0.0,
2024-07-24 12:00:00+00:00,66368.0,67102.01,66093.99,66176.0,5901.95291,66275.05502851916,66517.39336925816,,0.0,67102.01,
2024-07-24 16:00:00+00:00,66176.0,66709.55,65558.89,65652.0,5503.70728,66119.29127138937,66421.2385504517,,0.0,0.0,
2024-07-24 20:00:00+00:00,65652.01,66066.66,65111.0,65376.0,3528.35227,65933.46845354204,66305.10093373485,,0.0,0.0,
2024-07-25 00:00:00+00:00,65376.01,65620.0,63861.0,64093.59,9391.42907,65473.49884015653,66059.37749665321,,0.0,0.0,
2024-07-25 04:00:00+00:00,64093.58,64390.0,63800.0,64134.0,3961.34648,65138.624130117394,65845.44666369174,,0.0,0.0,
2024-07-25 08:00:00+00:00,64134.0,64480.0,63878.0,64096.0,4126.90854,64877.96809758805,65651.06370105932,,0.0,0.0,
2024-07-25 12:00:00+00:00,64096.01,65005.0,63456.7,64790.88,7825.83383,64856.19607319104,65555.48773427495,,63456.7,0.0,
2024-07-25 16:00:00+00:00,64790.89,65187.82,64388.46,64692.01,5638.02977,64815.14955489328,65459.54576379996,,0.0,0.0,
2024-07-25 20:00:00+00:00,64692.01,66175.49,64425.0,65799.95,4182.88165,65061.34966616996,65497.368456711076,,0.0,0.0,
2024-07-26 00:00:00+00:00,65799.95,67480.0,65722.63,67042.01,5791.72468,65556.51474962747,65668.99529485429,,0.0,0.0,
2024-07-26 04:00:00+00:00,67042.0,67190.0,66870.82,66890.56,3400.66108,65890.0260622206,65804.72470653715,,0.0,0.0,1.0
2024-07-26 08:00:00+00:00,66890.56,67498.0,66890.56,67322.0,3011.50616,66248.01954666545,65973.31085025525,,0.0,0.0,
2024-07-26 12:00:00+00:00,67321.99,68000.0,66892.0,67560.01,6230.76783,66576.01715999909,66149.61075578244,,0.0,0.0,
2024-07-26 16:00:00+00:00,67560.0,68144.01,67303.07,67990.0,3294.11637,66929.51286999931,66354.09844958439,,0.0,0.0,
2024-07-26 20:00:00+00:00,67990.0,68200.0,67413.5,67907.99,2515.58411,67174.13215249949,66526.75306629723,,0.0,0.0,
2024-07-27 00:00:00+00:00,67908.0,68081.57,67630.0,67798.0,1546.232,67330.0991143746,66668.00272559753,,0.0,0.0,
2024-07-27 04:00:00+00:00,67797.99,68295.39,67782.73,68036.68,1915.58616,67506.74433578095,66820.07797830891,,0.0,0.0,
2024-07-27 08:00:00+00:00,68036.68,68275.64,67892.24,68209.88,1834.00547,67682.52825183571,66974.50042516348,,0.0,0.0,
2024-07-27 12:00:00+00:00,68209.88,69399.99,68195.43,68844.0,6195.41252,67972.89618887678,67182.22260014532,,0.0,69399.99,
2024-07-27 16:00:00+00:00,68844.0,68990.03,67658.68,68246.0,5271.56991,68041.17214165759,67300.42008901807,,0.0,0.0,
2024-07-27 20:00:00+00:00,68246.0,69182.94,66650.0,67896.5,14947.41315,68005.0041062432,67366.65119023828,,66650.0,0.0,
2024-07-28 00:00:00+00:00,67896.49,68285.43,67260.54,67940.95,2215.70821,67988.9905796824,67430.46216910069,,0.0,0.0,
2024-07-28 04:00:00+00:00,67940.94,68024.18,67066.66,67560.86,2398.3193,67881.9579347618,67444.9508169784,,0.0,0.0,
2024-07-28 08:00:00+00:00,67560.86,68000.0,67220.0,67836.0,1770.93628,67870.46845107136,67488.40072620302,,0.0,0.0,
2024-07-28 12:00:00+00:00,67836.01,68123.32,67577.63,67645.0,1768.83501,67814.10133830352,67505.8006455138,,0.0,0.0,
2024-07-28 16:00:00+00:00,67645.0,68318.43,67624.0,68112.0,1510.5162,67888.57600372763,67573.15612934559,,0.0,0.0,
2024-07-28 20:00:00+00:00,68112.0,68277.83,67801.62,68249.88,1204.37894,67978.90200279573,67648.34767052942,,0.0,0.0,
2024-07-29 00:00:00+00:00,68249.88,69800.0,68168.0,69347.67,5973.42365,68321.0940020968,67837.16126269281,,0.0,0.0,
2024-07-29 04:00:00+00:00,69347.66,69888.0,69263.07,69528.01,4146.35577,68622.8230015726,68025.03334461583,,0.0,0.0,
2024-07-29 08:00:00+00:00,69528.01,69838.62,69375.0,69580.01,3013.88754,68862.11975117945,68197.80852854741,,0.0,0.0,
2024-07-29 12:00:00+00:00,69580.01,70079.99,67668.34,68104.0,11386.58792,68672.58981338458,68187.38535870881,,0.0,70079.99,
2024-07-29 16:00:00+00:00,68103.99,68118.0,66428.0,67303.05,9083.51955,68330.20486003843,68089.12587440784,,0.0,0.0,
2024-07-29 20:00:00+00:00,67303.05,67553.66,66600.0,66784.69,2863.5219,67943.82614502883,67944.18855502919,,0.0,0.0,
2024-07-30 00:00:00+00:00,66784.68,66886.0,65862.0,66610.0,5989.73926,67610.36960877162,67795.94538224817,,65862.0,0.0,
2024-07-30 04:00:00+00:00,66610.0,67000.0,66322.49,66952.0,2496.27288,67445.77720657871,67702.17367310949,,0.0,0.0,
2024-07-30 08:00:00+00:00,66952.0,66999.92,66404.53,66574.01,2327.27576,67227.83540493404,67576.8221538751,,0.0,0.0,
2024-07-30 12:00:00+00:00,66574.0,66948.0,65555.0,66216.01,6086.17893,66974.87905370053,67425.62080344453,,0.0,0.0,
2024-07-30 16:00:00+00:00,66216.01,66550.01,65556.56,65931.02,3450.64877,66713.9142902754,67259.55404750624,,0.0,0.0,
2024-07-30 20:00:00+00:00,65931.03,66356.89,65302.67,66188.0,2782.13881,66582.43571770654,67140.49248667221,,65302.67,0.0,
2024-07-31 00:00:00+00:00,66188.0,66413.28,65881.96,66058.0,1725.24015,66451.3267882799,67020.21554370863,,0.0,0.0,
2024-07-31 04:00:00+00:00,66058.0,66554.4,65496.0,66224.0,3376.79106,66394.49509120992,66931.74714996322,,0.0,0.0,
2024-07-31 08:00:00+00:00,66224.0,66374.01,65954.54,66094.01,1829.74564,66319.37381840743,66838.66524441175,,0.0,0.0,
2024-07-31 12:00:00+00:00,66094.01,66849.24,65963.25,66379.99,4367.38069,66334.52786380558,66787.701328366,,0.0,66849.24,
2024-07-31 16:00:00+00:00,66379.99,66836.3,64957.14,65256.83,6409.37317,66065.10339785418,66617.60451410312,,0.0,0.0,
2024-07-31 20:00:00+00:00,65256.83,65422.0,64530.0,64628.0,4916.90834,65705.82754839063,66396.53734586944,,0.0,0.0,
2024-08-01 00:00:00+00:00,64628.01,64841.29,63750.0,63936.01,5768.43332,65263.37316129298,66123.14541855062,,0.0,0.0,
2024-08-01 04:00:00+00:00,63936.01,64488.0,63584.0,64328.59,4107.52186,65029.67737096973,65923.75037204499,,0.0,0.0,
2024-08-01 08:00:00+00:00,64328.6,64701.41,64299.87,64674.25,2655.04695,64940.8205282273,65784.91699737332,,0.0,0.0,
2024-08-01 12:00:00+00:00,64674.26,64949.58,62666.07,62906.6,8006.54547,64432.26539617047,65465.103997665174,,0.0,0.0,
2024-08-01 16:00:00+00:00,62907.44,63509.83,62302.0,63422.01,8541.89631,64179.70154712786,65238.093553480154,,62302.0,0.0,
2024-08-01 20:00:00+00:00,63422.01,65659.78,63336.61,65354.02,6462.82463,64473.28116034589,65250.97426976014,,0.0,65659.78,
2024-08-02 00:00:00+00:00,65354.02,65596.14,63668.0,64609.18,4163.15932,64507.25587025942,65179.66379534235,,0.0,0.0,
2024-08-02 04:00:00+00:00,64609.17,64655.17,63807.29,64164.07,3823.07721,64421.45940269456,65066.82004030431,,0.0,0.0,
2024-08-02 08:00:00+00:00,64164.07,64974.0,64044.0,64660.01,3302.57023,64481.09705202092,65021.61892471494,,0.0,0.0,
2024-08-02 12:00:00+00:00,64660.01,65524.01,62432.9,63416.01,14382.81934,64214.825289015695,64843.21793307995,,0.0,65524.01,
2024-08-02 16:00:00+00:00,63416.0,63611.24,62515.0,62633.57,5054.98681,63819.511466761774,64597.701496071066,,0.0,0.0,
2024-08-02 20:00:00+00:00,62633.58,63187.26,61230.01,61498.33,8093.81646,63239.21610007133,64253.326885396506,,0.0,0.0,
2024-08-03 00:00:00+00:00,61498.34,61975.0,60505.0,61895.99,7057.47647,62903.4095750535,63991.400564796895,,60505.0,0.0,
2024-08-03 04:00:00+00:00,61895.99,61981.43,61398.01,61662.01,2027.63322,62593.05968129012,63732.57939093057,,0.0,0.0,
2024-08-03 08:00:00+00:00,61662.02,62002.39,61457.89,61919.38,1996.26325,62424.63976096759,63531.112791938285,,0.0,0.0,
2024-08-03 12:00:00+00:00,61919.38,62198.22,60833.33,60879.0,3681.34999,62038.2298207257,63236.43359283403,,0.0,62198.22,
2024-08-03 16:00:00+00:00,60879.01,61288.0,59920.0,60246.0,9231.05335,61590.17236554428,62904.16319363025,,0.0,0.0,
2024-08-03 20:00:00+00:00,60246.01,60849.93,59850.0,60697.99,4040.93939,61367.126774158205,62659.03283878245,,59850.0,0.0,
2024-08-04 00:00:00+00:00,60697.99,61117.63,60320.0,60735.0,2502.72642,61209.09508061865,62445.25141225106,,0.0,0.0,
2024-08-04 04:00:00+00:00,60735.0,60938.54,60260.0,60373.99,1972.26761,61000.318810463985,62215.111255334275,,0.0,0.0,
2024-08-04 08:00:00+00:00,60374.0,61000.0,60081.57,60896.0,2180.15909,60974.239107847985,62068.54333807491,,0.0,0.0,
2024-08-04 12:00:00+00:00,60896.0,61097.55,58960.0,59086.01,7395.68169,60502.18183088599,61737.15074495548,,0.0,61097.55,
2024-08-04 16:00:00+00:00,59086.01,59497.21,57122.77,59257.66,12940.59003,60191.05137316449,61461.65177329376,,0.0,0.0,
2024-08-04 20:00:00+00:00,59257.67,59583.0,58001.81,58161.0,4625.09519,59683.53852987337,61094.91268737223,,0.0,0.0,
2024-08-05 00:00:00+00:00,58161.0,58305.59,52300.17,53890.87,36136.4623,58235.371397405026,60294.46349988643,,0.0,0.0,
2024-08-05 04:00:00+00:00,53890.87,54576.71,49000.0,52674.19,43384.9307,56845.07604805377,59447.76644434349,,49000.0,0.0,
2024-08-05 08:00:00+00:00,52674.2,53218.37,50633.47,51340.0,19223.46997,55468.80703604033,58546.9035060831,,0.0,0.0,
2024-08-05 12:00:00+00:00,51340.0,54980.0,49542.83,54321.09,39760.49257,55181.87777703025,58077.36867207387,,0.0,0.0,
2024-08-05 16:00:00+00:00,54321.08,55600.0,52555.0,53470.09,16277.76056,54753.93083277268,57565.44881962122,,0.0,0.0,
2024-08-05 20:00:00+00:00,53470.08,55200.0,53462.0,54018.81,7282.47576,54570.15062457951,57171.377839663306,,0.0,0.0,
2024-08-06 00:00:00+00:00,54018.82,56276.0,53950.0,55665.73,10506.64519,54844.04546843463,57004.08363525627,,0.0,56276.0,
2024-08-06 04:00:00+00:00,55665.73,56169.48,55255.0,55999.99,7730.59021,55133.03160132597,56892.51767578335,,0.0,0.0,
2024-08-06 08:00:00+00:00,55998.02,56122.0,54600.01,55210.01,9386.98945,55152.27620099448,56705.572378474084,,0.0,0.0,
2024-08-06 12:00:00+00:00,55210.0,56605.55,54371.94,56405.99,13732.96595,55465.70465074586,56672.28544753252,,54371.94,0.0,
2024-08-06 16:00:00+00:00,56405.99,57040.99,56234.8,56765.48,8827.28343,55790.64848805939,56682.64039780669,,0.0,0.0,
2024-08-06 20:00:00+00:00,56769.98,56935.56,55800.0,56022.01,5700.30253,55848.48886604454,56609.23702027261,,0.0,0.0,
2024-08-07 00:00:00+00:00,56022.0,57287.99,55557.88,56862.0,6756.5481,56101.866649533404,56637.32179579788,,55557.88,0.0,
2024-08-07 04:00:00+00:00,56862.01,57250.0,56544.7,56920.91,5447.23988,56306.62748715005,56668.83159626478,,0.0,0.0,
2024-08-07 08:00:00+00:00,56920.91,57736.05,56870.39,56963.38,6601.32871,56470.81561536254,56701.55919667981,,0.0,57736.05,
2024-08-07 12:00:00+00:00,56963.39,57479.6,55650.0,56094.5,10005.68143,56376.7367115219,56634.1081748265,,0.0,0.0,
2024-08-07 16:00:00+00:00,56094.51,56300.0,54676.35,54759.22,9406.48722,55972.35753364143,56425.787266512445,,0.0,0.0,
2024-08-07 20:00:00+00:00,54760.97,55566.24,54558.62,55134.16,6052.0915,55762.808150231074,56282.27312578884,,54558.62,0.0,
2024-08-08 00:00:00+00:00,55133.76,57636.36,54730.0,57049.74,8647.80188,56084.54111267331,56367.54722292341,,0.0,0.0,
2024-08-08 04:00:00+00:00,57049.74,57434.35,56670.47,57193.49,3670.90212,56361.77833450498,56459.318642598584,,0.0,0.0,
2024-08-08 08:00:00+00:00,57193.48,57670.04,56978.52,57320.51,3688.92815,56601.46125087874,56555.00657119874,,0.0,0.0,1.0
2024-08-08 12:00:00+00:00,57320.51,59505.0,56700.0,59428.03,14315.42395,57308.10343815906,56874.2313966211,,0.0,0.0,
2024-08-08 16:00:00+00:00,59428.03,59863.0,59237.59,59414.51,6749.57668,57834.70507861929,57156.48457477431,,0.0,0.0,
2024-08-08 20:00:00+00:00,59414.52,62745.14,59297.34,61685.99,11276.89671,58797.52630896447,57659.76295535494,,0.0,62745.14,
2024-08-09 00:00:00+00:00,61686.0,61744.37,60720.0,61358.39,5373.57013,59437.74223172336,58070.72151587106,,0.0,0.0,
2024-08-09 04:00:00+00:00,61358.39,61390.7,60588.63,60863.57,4475.52913,59794.19917379252,58381.03801410761,,0.0,0.0,
2024-08-09 08:00:00+00:00,60863.58,61210.31,60170.16,60655.24,4238.45087,60009.459380344386,58633.72712365121,,0.0,0.0,
2024-08-09 12:00:00+00:00,60655.25,61115.11,59535.0,59810.23,8756.37366,59959.65203525829,58764.44966546774,,59535.0,0.0,
2024-08-09 16:00:00+00:00,59810.24,60750.0,59700.0,60681.42,3794.60746,60140.094026443716,58977.44636930466,,0.0,0.0,
2024-08-09 20:00:00+00:00,60681.79,60986.03,59909.16,60837.99,4333.94892,60314.56801983279,59184.17343938191,,0.0,0.0,
2024-08-10 00:00:00+00:00,60837.99,61470.58,60266.03,60437.84,2866.07526,60345.38601487459,59323.46972389503,,0.0,61470.58,
2024-08-10 04:00:00+00:00,60437.85,60851.91,60242.0,60842.0,1152.48879,60469.53951115594,59492.19531012892,,0.0,0.0,
2024-08-10 08:00:00+00:00,60842.01,61116.65,60601.96,60920.88,1618.24524,60582.374633366955,59650.93805344793,,0.0,0.0,
2024-08-10 12:00:00+00:00,60920.88,60949.99,60400.0,60515.89,1529.47703,60565.753475025216,59747.043825287044,,0.0,0.0,
2024-08-10 16:00:00+00:00,60515.9,61196.63,60400.0,61016.45,1789.44845,60678.42760626891,59888.08895581071,,60400.0,0.0,
2024-08-10 20:00:00+00:00,61016.44,61160.0,60757.39,60923.51,1039.47144,60739.69820470168,60003.13573849841,,0.0,0.0,
2024-08-11 00:00:00+00:00,60923.51,61382.73,60892.0,61085.01,1397.39336,60826.02615352626,60123.34398977636,,0.0,0.0,
2024-08-11 04:00:00+00:00,61085.01,61271.43,60881.36,61257.0,1213.74092,60933.769615144694,60249.3057686901,,0.0,0.0,
2024-08-11 08:00:00+00:00,61257.0,61858.0,60425.0,60669.15,3535.80151,60867.61471135852,60295.955127724534,,0.0,61858.0,
2024-08-11 12:00:00+00:00,60669.14,60761.09,59941.0,60127.29,4006.7116,60682.53353351889,60277.214557977364,,0.0,0.0,
2024-08-11 16:00:00+00:00,60127.29,60350.0,59542.57,59621.11,2598.58022,60417.177650139165,60204.31405153543,,0.0,0.0,
2024-08-11 20:00:00+00:00,59621.11,59674.38,58286.73,58712.59,6437.61751,59991.03073760437,60038.56693469816,,0.0,0.0,
2024-08-12 00:00:00+00:00,58712.59,59088.33,58100.06,58509.5,4095.99147,59620.64805320328,59868.67060862059,,0.0,0.0,
2024-08-12 04:00:00+00:00,58509.5,58984.85,57642.21,58674.61,4501.23624,59384.13853990246,59735.997207662745,,57642.21,0.0,
2024-08-12 08:00:00+00:00,58674.62,59990.0,58125.75,59851.7,6603.96568,59501.02890492685,59748.85307347799,,0.0,0.0,
2024-08-12 12:00:00+00:00,59851.71,60711.09,57800.0,60207.37,12079.0591,59677.614178695134,59799.799398647105,,0.0,60711.09,
2024-08-12 16:00:00+00:00,60207.38,60420.34,58440.54,59043.98,5640.99625,59519.20563402135,59715.81946546409,,0.0,0.0,
2024-08-12 20:00:00+00:00,59043.99,59745.99,58555.26,59346.64,4088.66869,59476.06422551601,59674.79952485697,,0.0,0.0,
2024-08-13 00:00:00+00:00,59346.64,59923.28,58846.95,59040.0,4305.36618,59367.04816913701,59604.26624431731,,0.0,0.0,
2024-08-13 04:00:00+00:00,59040.0,59476.0,58830.23,59238.05,2580.7308,59334.79862685276,59563.575550504276,,0.0,0.0,
2024-08-13 08:00:00+00:00,59238.05,59331.99,58392.88,58830.0,3375.9081,59208.598970139574,59482.0671560038,,58392.88,0.0,
2024-08-13 12:00:00+00:00,58830.01,59776.7,58709.57,59472.26,5686.11926,59274.51422760468,59480.97747200338,,0.0,0.0,
2024-08-13 16:00:00+00:00,59472.25,61578.1,59446.22,60820.15,9342.46623,59660.923170703514,59629.77441955856,,0.0,61578.1,1.0
2024-08-13 20:00:00+00:00,60820.16,61138.87,60389.75,60587.15,2568.36794,59892.47987802763,59736.14948405205,,0.0,0.0,
2024-08-14 00:00:00+00:00,60587.16,61302.88,60425.01,60952.83,2371.7811,60157.56740852073,59871.33620804627,,0.0,0.0,
2024-08-14 04:00:00+00:00,60952.83,61162.2,60637.3,60914.02,1820.0908,60346.680556390544,59987.189962707795,,0.0,0.0,
2024-08-14 08:00:00+00:00,60914.02,61453.0,60640.4,61296.87,3475.66893,60584.22791729291,60132.70996685138,,0.0,0.0,
2024-08-14 12:00:00+00:00,61296.88,61800.0,58823.52,59435.69,13499.00032,60297.093437969685,60055.26330386789,,0.0,61800.0,
2024-08-14 16:00:00+00:00,59435.69,59462.61,58615.06,58891.13,4924.68347,59945.602578477265,59925.91515899368,,0.0,0.0,
2024-08-14 20:00:00+00:00,58891.13,59183.99,58433.18,58683.39,2331.53864,59630.049433857945,59787.85680799438,,0.0,0.0,
2024-08-15 00:00:00+00:00,58683.39,59044.44,58010.0,58442.98,5000.29248,59333.28207539346,59638.42605155056,,0.0,0.0,
2024-08-15 04:00:00+00:00,58442.99,58639.0,57713.88,58060.37,4142.71713,59015.054056545094,59463.08649026717,,57713.88,0.0,
2024-08-15 08:00:00+00:00,58060.36,58872.85,57964.85,58745.36,3345.64247,58947.63054240882,59383.33910245971,,0.0,0.0,
2024-08-15 12:00:00+00:00,58745.36,59787.37,58532.42,59682.84,7723.07742,59131.432906806614,59416.61697996419,,0.0,0.0,
2024-08-15 16:00:00+00:00,59682.85,59849.38,56680.0,57047.46,10434.70512,58610.43968010496,59153.37731552372,,0.0,59849.38,
2024-08-15 20:00:00+00:00,57046.34,57885.0,56078.54,57541.06,7039.7416,58343.09476007872,58974.23094713219,,56078.54,0.0,
2024-08-16 00:00:00+00:00,57541.05,58517.47,57098.62,57890.0,4146.62428,58229.82107005904,58853.76084189528,,0.0,0.0,
2024-08-16 04:00:00+00:00,57890.0,58666.77,57800.47,58456.99,3244.35689,58286.61330254428,58809.6751927958,,0.0,0.0,
2024-08-16 08:00:00+00:00,58456.99,58683.47,58218.71,58400.0,2450.75569,58314.95997690821,58764.1557269296,,0.0,0.0,
2024-08-16 12:00:00+00:00,58400.0,58915.18,57526.31,58071.06,8248.43744,58253.984982681155,58687.14509060409,,57526.31,0.0,
2024-08-16 16:00:00+00:00,58071.07,59817.76,58000.0,59683.39,6963.94372,58611.336237010866,58797.83896942586,,0.0,59817.76,
2024-08-16 20:00:00+00:00,59683.39,59715.69,58703.99,58874.6,2556.72542,58677.15217775815,58806.36797282298,,0.0,0.0,
2024-08-17 00:00:00+00:00,58874.59,59389.18,58785.05,59158.37,1769.95814,58797.456633318616,58845.479309175986,,0.0,0.0,
2024-08-17 04:00:00+00:00,59158.36,59263.47,59051.98,59248.0,1106.84453,58910.09247498896,58890.203830378654,,0.0,0.0,1.0
2024-08-17 08:00:00+00:00,59248.0,59477.16,59060.0,59137.12,1327.01136,58966.84935624172,58917.63896033658,,0.0,0.0,
2024-08-17 12:00:00+00:00,59137.12,59654.9,59100.28,59388.11,1490.86412,59072.16451718129,58969.91352029918,,0.0,0.0,
2024-08-17 16:00:00+00:00,59388.11,59700.0,59294.31,59473.19,1157.01055,59172.42088788597,59025.83312915483,,0.0,0.0,
2024-08-17 20:00:00+00:00,59473.19,59500.0,59113.68,59491.99,870.04061,59252.31316591448,59077.628337026516,,0.0,0.0,
2024-08-18 00:00:00+00:00,59491.99,60259.01,59300.0,59337.42,2850.6571,59273.58987443586,59106.4940773569,,0.0,60259.01,
2024-08-18 04:00:00+00:00,59337.41,59698.0,59256.56,59573.39,1521.38536,59348.539905826896,59158.37140209503,,0.0,0.0,
2024-08-18 08:00:00+00:00,59573.39,60200.0,59436.0,60024.01,2556.86768,59517.40742937017,59254.55346852892,,0.0,0.0,
2024-08-18 12:00:00+00:00,60024.0,60284.99,59669.85,59863.99,2229.08779,59604.05307202763,59322.26863869237,,0.0,60284.99,
2024-08-18 16:00:00+00:00,59863.99,59945.83,59377.14,59708.38,1411.05054,59630.13480402072,59365.16990105988,,0.0,0.0,
2024-08-18 20:00:00+00:00,59708.38,59869.77,58408.92,58427.35,3065.8087,59329.438603015544,59260.967689831006,,0.0,0.0,
2024-08-19 00:00:00+00:00,58427.35,58763.83,58210.03,58736.85,4986.95947,59181.291452261656,59202.7323909609,,0.0,0.0,
2024-08-19 04:00:00+00:00,58736.85,58746.0,58359.5,58502.19,2077.63203,59011.516089196244,59124.8943475208,,0.0,0.0,
2024-08-19 08:00:00+00:00,58502.19,58671.38,57787.3,58396.95,4744.05742,58857.87456689718,59044.01164224071,,57787.3,0.0,
2024-08-19 12:00:00+00:00,58396.94,58970.0,58029.77,58539.24,4628.31977,58778.21592517289,58987.92590421396,,0.0,0.0,
2024-08-19 16:00:00+00:00,58539.25,59290.0,58380.0,58967.53,3169.47813,58825.54444387967,58985.65969263463,,0.0,0.0,
2024-08-19 20:00:00+00:00,58967.54,59617.63,58914.0,59438.5,3202.86569,58978.78333290975,59035.9752823419,,0.0,0.0,
2024-08-20 00:00:00+00:00,59438.5,60910.55,59363.31,60619.18,6392.34637,59388.88249968231,59211.88691763724,,0.0,0.0,1.0
2024-08-20 04:00:00+00:00,60619.19,61400.0,60576.06,60924.33,5275.93633,59772.744374761736,59402.158371233105,,0.0,61400.0,
2024-08-20 08:00:00+00:00,60924.33,60975.0,60401.9,60518.82,3208.7774,59959.263281071304,59526.23188554054,,0.0,0.0,
2024-08-20 12:00:00+00:00,60518.83,60955.99,58680.01,58825.53,10444.8448,59675.82996080348,59448.376120480476,,0.0,0.0,
2024-08-20 16:00:00+00:00,58825.53,59597.28,58548.23,59511.99,3678.04238,59634.86997060261,59455.44432931598,,58548.23,0.0,
2024-08-20 20:00:00+00:00,59512.0,59722.72,58802.35,59013.8,2477.4982,59479.60247795196,59406.37273716976,,0.0,0.0,
2024-08-21 00:00:00+00:00,59013.8,59519.99,58783.47,59320.0,2364.50372,59439.701858463966,59396.77576637312,,0.0,0.0,
2024-08-21 04:00:00+00:00,59320.0,59739.52,59183.13,59712.0,2017.26415,59507.77639384798,59431.80068122055,,0.0,0.0,
2024-08-21 08:00:00+00:00,59711.99,59924.13,59085.88,59361.14,2931.20089,59471.11729538598,59423.949494418266,,0.0,0.0,
2024-08-21 12:00:00+00:00,59361.14,60201.98,58850.0,59511.8,8008.24548,59481.28797153948,59433.710661705125,,58850.0,0.0,
2024-08-21 16:00:00+00:00,59511.79,61625.2,59375.0,61570.0,7137.29601,60003.46597865461,59671.07614373789,,0.0,0.0,
2024-08-21 20:00:00+00:00,61570.0,61820.93,60902.13,61156.03,5525.13195,60291.60698399096,59836.0710166559,,0.0,61820.93,
2024-08-22 00:00:00+00:00,61156.03,61229.0,59724.87,60548.9,4109.54112,60355.93023799322,59915.274237027465,,0.0,0.0,
2024-08-22 04:00:00+00:00,60548.9,61114.23,60459.98,60984.31,2676.87579,60513.025178494914,60034.055988468856,,0.0,0.0,
2024-08-22 08:00:00+00:00,60984.31,61400.0,60802.38,61336.09,3099.60131,60718.79138387118,60178.72643419454,,0.0,61400.0,
2024-08-22 12:00:00+00:00,61336.09,61398.18,60100.0,60407.4,6849.31563,60640.94353790339,60204.13460817293,,60100.0,0.0,
2024-08-22 16:00:00+00:00,60407.39,60600.2,60131.0,60308.0,2663.66757,60557.70765342754,60215.67520726482,,0.0,0.0,
2024-08-22 20:00:00+00:00,60307.99,60707.88,60288.0,60375.84,1842.20446,60512.24074007066,60233.471295346506,,0.0,0.0,
2024-08-23 00:00:00+00:00,60375.83,60968.24,60342.14,60593.31,2184.3747,60532.508055053,60273.453373641336,,0.0,0.0,
2024-08-23 04:00:00+00:00,60593.31,61367.74,60582.68,61069.27,2937.25078,60666.69854128975,60361.87744323674,,0.0,0.0,
2024-08-23 08:00:00+00:00,61069.26,61337.57,60691.11,60741.68,2313.52775,60685.44390596731,60404.07772732155,,0.0,0.0,
2024-08-23 12:00:00+00:00,60741.68,62320.36,60741.68,61533.05,11626.90263,60897.345429475485,60529.51909095249,,0.0,0.0,
2024-08-23 16:00:00+00:00,61533.04,63819.16,61349.99,63628.84,11503.37,61580.219072106614,60873.88808084666,,0.0,0.0,
2024-08-23 20:00:00+00:00,63628.84,64955.0,63484.18,64037.24,7552.64503,62194.47430407996,61225.37162741925,,0.0,64955.0,
2024-08-24 00:00:00+00:00,64037.24,64206.7,63626.58,63832.01,3091.41323,62603.858228059966,61514.99811326156,,0.0,0.0,
2024-08-24 04:00:00+00:00,63832.0,64332.0,63822.0,64315.0,2843.18939,63031.64367104498,61826.10943401027,,0.0,0.0,
2024-08-24 08:00:00+00:00,64315.0,64494.5,63868.0,63905.01,2357.89821,63249.98525328373,62057.09838578691,,0.0,64494.5,
2024-08-24 12:00:00+00:00,63905.0,64244.0,63872.0,63976.0,2293.96419,63431.4889399628,62270.30967625503,,0.0,0.0,
2024-08-24 16:00:00+00:00,63976.0,64444.0,63903.58,64210.6,2874.78934,63626.2667049721,62485.89749000447,,0.0,0.0,
2024-08-24 20:00:00+00:00,64210.6,64328.0,63531.0,64157.01,2395.9018,63758.952528729074,62671.57665778175,,63531.0,0.0,
2024-08-25 00:00:00+00:00,64157.02,64507.04,64000.0,64101.01,2623.24737,63844.46689654681,62830.402584694886,,0.0,64507.04,
2024-08-25 04:00:00+00:00,64101.01,64196.0,63785.76,63868.26,1645.44133,63850.41517241011,62945.72007528434,,0.0,0.0,
2024-08-25 08:00:00+00:00,63868.27,64010.0,63773.27,63873.91,1728.68012,63856.28887930758,63048.852289141636,,63773.27,0.0,
2024-08-25 12:00:00+00:00,63873.92,64288.0,63805.0,64132.16,1834.2167,63925.256659480685,63169.21981257034,,0.0,0.0,
2024-08-25 16:00:00+00:00,64132.17,64248.66,64000.0,64187.41,1118.62168,63990.794994610515,63282.35205561808,,0.0,0.0,
2024-08-25 20:00:00+00:00,64187.42,65000.0,64122.49,64220.0,3355.27257,64048.09624595789,63386.53516054941,,0.0,65000.0,
2024-08-26 00:00:00+00:00,64219.99,64481.0,63790.0,64114.99,2477.44562,64064.81968446841,63467.474587155026,,0.0,0.0,
2024-08-26 04:00:00+00:00,64115.0,64205.31,63420.0,63627.01,2772.63585,63955.36726335131,63485.2007441378,,0.0,0.0,
2024-08-26 08:00:00+00:00,63627.01,64039.2,63220.95,63859.0,2882.34645,63931.275447513486,63526.73399478916,,0.0,0.0,
2024-08-26 12:00:00+00:00,63859.0,63958.95,63061.0,63532.53,4958.27097,63831.58908563512,63527.377995368144,,0.0,0.0,
2024-08-26 16:00:00+00:00,63532.54,63878.78,63192.04,63342.99,3487.08919,63709.439314226336,63506.89044032724,,0.0,0.0,
2024-08-26 20:00:00+00:00,63342.99,63557.58,62800.0,62834.0,2892.26468,63490.579485669754,63432.124835846436,,0.0,0.0,
2024-08-27 00:00:00+00:00,62834.0,63212.0,62657.0,62970.0,3568.52133,63360.43461425231,63380.7776318635,,0.0,0.0,
2024-08-27 04:00:00+00:00,62970.0,63200.0,62701.06,62902.31,3113.00318,63245.90346068924,63327.614561656446,,0.0,0.0,
2024-08-27 08:00:00+00:00,62902.32,63000.0,62230.0,62417.0,4189.56881,63038.67759551693,63226.43516591684,,0.0,0.0,
2024-08-27 12:00:00+00:00,62416.99,62495.0,61473.03,61709.13,8258.16317,62706.2906966377,63057.84570303719,,0.0,0.0,
2024-08-27 16:00:00+00:00,61709.13,62196.75,61518.74,62102.01,3043.78733,62555.220522478274,62951.64173603305,,0.0,0.0,
2024-08-27 20:00:00+00:00,62102.0,62102.01,58034.01,59415.0,12962.89796,61770.1653918587,62558.68154314049,,58034.01,0.0,
2024-08-28 00:00:00+00:00,59415.0,59650.0,58917.12,59629.01,5551.9553,61234.87654389403,62233.162482791544,,0.0,0.0,
2024-08-28 04:00:00+00:00,59629.01,59661.0,58516.0,58600.98,4614.54952,60576.40240792053,61829.586651370264,,0.0,0.0,
2024-08-28 08:00:00+00:00,58600.98,60234.98,58534.35,59935.0,6405.76959,60416.0518059404,61619.07702344024,,0.0,60234.98,
2024-08-28 12:00:00+00:00,59934.99,60160.0,58443.07,59000.0,8281.56232,60062.0388544553,61328.06846528021,,0.0,0.0,
2024-08-28 16:00:00+00:00,59000.0,59849.99,57860.0,58898.85,8303.26552,59771.24164084147,61058.1553024713,,57860.0,0.0,
2024-08-28 20:00:00+00:00,58898.85,59602.0,58623.01,59034.9,3711.4405,59587.1562306311,60833.349157752265,,0.0,0.0,
2024-08-29 00:00:00+00:00,59034.9,59320.0,58878.46,59141.1,2188.72128,59475.64217297333,60645.32147355757,,0.0,0.0,
2024-08-29 04:00:00+00:00,59141.11,59764.0,59049.79,59583.88,2877.04011,59502.70162972999,60527.38353205117,,0.0,0.0,
2024-08-29 08:00:00+00:00,59583.88,60477.0,59374.0,60067.06,4113.75713,59643.79122229749,60476.236472934375,,0.0,0.0,
2024-08-29 12:00:00+00:00,60067.06,61166.99,59990.0,60779.99,7624.50121,59927.840916723115,60509.98686483056,,0.0,61166.99,
2024-08-29 16:00:00+00:00,60779.99,60960.0,58915.01,59258.0,7172.50668,59760.38068754233,60370.87721318271,,0.0,0.0,
2024-08-29 20:00:00+00:00,59257.99,59638.37,58713.09,59359.01,3044.38102,59660.03801565675,60258.447522829076,,0.0,0.0,
2024-08-30 00:00:00+00:00,59359.0,59487.64,58899.7,59032.01,2743.70295,59503.03101174256,60122.17668695918,,0.0,0.0,
2024-08-30 04:00:00+00:00,59032.0,59582.86,58685.0,59271.1,4144.3024,59445.04825880692,60027.612610630385,,0.0,0.0,
2024-08-30 08:00:00+00:00,59271.11,59674.42,59271.0,59396.0,3176.58551,59432.78619410519,59957.43343167145,,0.0,0.0,
2024-08-30 12:00:00+00:00,59396.0,59944.07,57946.01,58094.99,10365.98684,59098.33714557889,59750.49527259685,,0.0,59944.07,
2024-08-30 16:00:00+00:00,58095.0,59371.0,57701.1,58700.02,6417.58601,58998.75785918417,59633.77579786386,,57701.1,0.0,
2024-08-30 20:00:00+00:00,58700.02,59298.89,58700.0,59123.99,1671.15824,59030.06589438813,59577.13293143454,,0.0,0.0,
2024-08-31 00:00:00+00:00,59123.99,59462.38,59070.4,59232.01,1647.80492,59080.5519207911,59538.78593905293,,0.0,59462.38,
2024-08-31 04:00:00+00:00,59232.01,59350.0,59043.12,59095.0,1230.67061,59084.163940593324,59489.476390269265,,0.0,0.0,
2024-08-31 08:00:00+00:00,59095.01,59188.9,58831.88,59120.99,1404.08788,59093.370455444994,59448.533458017126,,0.0,0.0,
2024-08-31 12:00:00+00:00,59120.99,59244.04,58892.15,59006.54,1774.98601,59071.66284158375,59399.423073793,,0.0,0.0,
2024-08-31 16:00:00+00:00,59006.54,59140.01,58744.0,58856.0,1637.2679,59017.74713118781,59339.042732260445,,0.0,0.0,
2024-08-31 20:00:00+00:00,58856.0,59141.72,58763.29,58973.99,1103.59168,59006.80784839086,59298.48131756484,,0.0,0.0,
2024-09-01 00:00:00+00:00,58974.0,59076.59,58276.01,58524.21,2314.00203,58886.158386293144,59212.451171168745,,0.0,0.0,
2024-09-01 04:00:00+00:00,58524.21,58599.98,57777.0,58478.64,3366.16193,58784.27878971986,59130.91659659444,,0.0,0.0,
2024-09-01 08:00:00+00:00,58478.64,58504.81,57840.0,58240.52,2520.59733,58648.33909228989,59031.98364141728,,0.0,0.0,
2024-09-01 12:00:00+00:00,58240.51,58360.38,57201.0,58217.0,5911.39633,58540.50431921742,58941.42990348203,,57201.0,0.0,
2024-09-01 16:00:00+00:00,58217.0,58788.93,57864.3,58514.0,2668.74429,58533.87823941307,58893.93769198403,,0.0,58788.93,
2024-09-01 20:00:00+00:00,58514.01,58656.77,57205.0,57301.86,3924.2555,58225.8736795598,58717.04017065247,,0.0,0.0,
2024-09-02 00:00:00+00:00,57301.77,57767.14,57128.0,57742.01,4604.88008,58104.90775966985,58608.703485024416,,57128.0,0.0,
2024-09-02 04:00:00+00:00,57742.0,57987.99,57362.06,57547.99,2616.60584,57965.678319752384,58490.84643113281,,0.0,0.0,
2024-09-02 08:00:00+00:00,57548.0,58680.76,57520.12,58422.01,5072.33101,58079.76123981429,58483.197938784724,,0.0,0.0,
2024-09-02 12:00:00+00:00,58422.01,58808.0,58104.0,58537.99,4023.88935,58194.318429860716,58489.28594558642,,0.0,0.0,
2024-09-02 16:00:00+00:00,58537.99,58666.64,58293.12,58439.99,2856.4724,58255.73632239553,58483.808618299045,,0.0,0.0,
2024-09-02 20:00:00+00:00,58440.03,59425.69,58384.61,59132.13,3720.83593,58474.83474179665,58555.84432737693,,0.0,0.0,
2024-09-03 00:00:00+00:00,59132.12,59809.65,59021.62,59110.99,3188.73817,58633.87355634749,58617.5271798906,,0.0,59809.65,1.0
2024-09-03 04:00:00+00:00,59111.0,59259.0,58872.0,59112.0,2786.55038,58753.405167260615,58672.4686043472,,0.0,0.0,
2024-09-03 08:00:00+00:00,59112.01,59195.63,58717.0,59072.0,2434.05695,58833.05387544546,58716.860981641956,,0.0,0.0,
2024-09-03 12:00:00+00:00,59072.01,59350.0,57568.0,57725.0,8190.06416,58556.0404065841,58606.654205903964,,0.0,59350.0,
2024-09-03 16:00:00+00:00,57725.01,58251.09,57589.01,58046.0,3746.4115,58428.530304938075,58544.359294136855,,0.0,0.0,
2024-09-03 20:00:00+00:00,58045.99,58247.0,57415.0,57487.73,2482.36331,58193.330228703555,58426.95603923276,,0.0,0.0,
2024-09-04 00:00:00+00:00,57487.74,57943.53,55606.0,56653.98,10008.5459,57808.49267152767,58229.958701540236,,55606.0,0.0,
2024-09-04 04:00:00+00:00,56653.99,56881.0,56201.0,56746.0,5570.10401,57542.86950364575,58065.0744013691,,0.0,0.0,
2024-09-04 08:00:00+00:00,56746.0,56909.94,56453.0,56573.0,3012.85274,57300.40212773431,57899.28835677254,,0.0,0.0,
2024-09-04 12:00:00+00:00,56573.0,58181.43,56187.61,58134.0,9903.94203,57508.80159580073,57925.36742824226,,56187.61,0.0,
2024-09-04 16:00:00+00:00,58134.0,58519.0,57646.0,58058.01,5284.73247,57646.10369685055,57940.1054917709,,0.0,58519.0,
2024-09-04 20:00:00+00:00,58058.0,58390.0,57792.46,57970.9,1780.64431,57727.302772637915,57943.527103796354,,0.0,0.0,
2024-09-05 00:00:00+00:00,57970.9,58327.07,56891.07,57135.42,4718.02876,57579.33207947844,57853.73742559676,,0.0,0.0,
2024-09-05 04:00:00+00:00,57135.42,57291.1,56541.68,57155.1,3337.56535,57473.274059608826,57776.111044974896,,0.0,0.0,
2024-09-05 08:00:00+00:00,57155.1,57232.0,56623.0,56698.01,2824.97809,57279.45804470662,57656.322039977684,,0.0,0.0,
2024-09-05 12:00:00+00:00,56698.01,57350.0,55817.51,55976.01,10200.08948,56953.59603352996,57469.62070220239,,0.0,57350.0,
2024-09-05 16:00:00+00:00,55976.01,56710.0,55800.0,56060.01,4306.58366,56730.19952514747,57312.997290846564,,0.0,0.0,
2024-09-05 20:00:00+00:00,56060.0,56259.97,55643.65,56180.0,2419.66879,56592.649643860605,57187.10870297472,,0.0,0.0,
2024-09-06 00:00:00+00:00,56180.0,56858.88,55989.0,56588.0,3089.15324,56591.48723289545,57120.541069310864,,0.0,56858.88,
2024-09-06 04:00:00+00:00,56588.01,56747.91,55280.0,55804.29,5943.85272,56394.68792467159,56974.290950498544,,0.0,0.0,
2024-09-06 08:00:00+00:00,55804.28,56262.11,55639.0,55999.09,4116.26102,56295.78844350369,56865.93528933204,,0.0,0.0,
2024-09-06 12:00:00+00:00,55999.09,57008.0,53808.0,54045.01,21136.96377,55733.09383262777,56552.49914607292,,0.0,57008.0,
2024-09-06 16:00:00+00:00,54045.0,54435.0,53267.54,53534.28,11314.50356,55183.39037447082,56217.14146317593,,0.0,0.0,
2024-09-06 20:00:00+00:00,53534.27,53969.99,52550.0,53962.97,8847.03395,54878.28528085312,55966.6779672675,,52550.0,0.0,
2024-09-07 00:00:00+00:00,53962.97,54095.65,53745.54,53818.91,2283.19066,54613.441460639835,55728.03708201555,,0.0,0.0,
2024-09-07 04:00:00+00:00,53818.92,54405.37,53814.0,54286.0,4210.82665,54531.58109547988,55567.81073956938,,0.0,0.0,
2024-09-07 08:00:00+00:00,54286.0,54492.98,54168.23,54326.0,2289.86562,54480.185821609906,55429.83176850612,,0.0,0.0,
2024-09-07 12:00:00+00:00,54326.01,54829.0,54326.0,54780.0,2510.87487,54555.139366207426,55357.62823867211,,0.0,0.0,
2024-09-07 16:00:00+00:00,54780.0,54850.0,54000.0,54404.01,3137.77696,54517.35702465557,55251.67065659743,,0.0,54850.0,
2024-09-07 20:00:00+00:00,54404.01,54437.97,53814.01,54160.86,2261.51298,54428.232768491675,55130.46947253105,,53814.01,0.0,
2024-09-08 00:00:00+00:00,54160.86,54509.0,53964.0,54402.99,1979.50014,54421.922076368755,55049.6384200276,,0.0,0.0,
2024-09-08 04:00:00+00:00,54402.98,54575.0,54261.1,54436.25,1722.23364,54425.504057276565,54981.48415113564,,0.0,0.0,
2024-09-08 08:00:00+00:00,54436.25,54722.85,54356.0,54556.08,1765.73164,54458.14804295742,54934.217023231686,,0.0,54722.85,
2024-09-08 12:00:00+00:00,54556.08,54567.0,53640.0,53687.0,3500.41607,54265.36103221807,54795.63735398372,,0.0,0.0,
2024-09-08 16:00:00+00:00,53686.99,54531.1,53629.01,54337.01,2289.20807,54283.273274163555,54744.67875909664,,53629.01,0.0,
2024-09-08 20:00:00+00:00,54337.02,55318.0,54184.0,54869.95,5017.05823,54429.942455622666,54758.59778586368,,0.0,0.0,
2024-09-09 00:00:00+00:00,54869.95,55370.23,54688.69,55115.0,4899.59127,54601.206841717,54798.19803187883,,0.0,0.0,
2024-09-09 04:00:00+00:00,55115.0,55150.0,54591.96,54974.01,3091.16196,54694.40763128775,54817.732695003404,,0.0,0.0,
2024-09-09 08:00:00+00:00,54974.01,55555.0,54960.0,55264.87,3429.17626,54837.02322346582,54867.41461778081,,0.0,0.0,
2024-09-09 12:00:00+00:00,55264.87,55799.0,54804.0,55386.0,6542.48233,54974.26741759936,54925.03521580516,,0.0,0.0,1.0
2024-09-09 16:00:00+00:00,55385.99,57177.0,55348.54,57089.54,9053.91852,55503.08556319952,55165.53574738237,,0.0,0.0,
2024-09-09 20:00:00+00:00,57089.53,58088.0,56810.0,57042.0,5368.18703,55887.81417239964,55374.031775450996,,0.0,58088.0,
2024-09-10 00:00:00+00:00,57042.01,57065.34,56522.86,56524.74,3589.26607,56047.045629299726,55501.88824484533,,0.0,0.0,
2024-09-10 04:00:00+00:00,56524.74,57290.0,56386.4,57218.57,2969.98514,56339.92672197479,55692.63066208474,,56386.4,0.0,
2024-09-10 08:00:00+00:00,57218.56,57378.0,56878.65,57228.0,3523.74246,56561.94504148109,55863.22725518644,,0.0,0.0,
2024-09-10 12:00:00+00:00,57228.01,57468.98,56502.31,56596.0,6137.02725,56570.45878111082,55944.64644905461,,0.0,0.0,
2024-09-10 16:00:00+00:00,56596.01,58044.36,56566.0,57952.01,5036.50689,56915.84658583312,56167.686843604104,,0.0,58044.36,
2024-09-10 20:00:00+00:00,57952.01,57975.99,57453.0,57635.99,2370.25345,57095.88243937484,56330.831638759206,,0.0,0.0,
2024-09-11 00:00:00+00:00,57635.99,57750.0,56681.32,56819.55,4635.08566,57026.79932953113,56385.13367889707,,0.0,0.0,
2024-09-11 04:00:00+00:00,56819.56,56819.56,56100.0,56712.0,4361.14028,56948.099497148345,56421.452159019624,,0.0,0.0,
2024-09-11 08:00:00+00:00,56712.01,56895.82,56325.7,56797.99,4294.63231,56910.57212286126,56463.28969690633,,0.0,0.0,
2024-09-11 12:00:00+00:00,56798.0,57166.66,55545.19,56701.23,10825.4419,56858.23659214594,56489.72750836118,,55545.19,0.0,
2024-09-11 16:00:00+00:00,56701.22,57981.71,56646.0,57585.5,7312.7816,57040.05244410946,56611.48000743216,,0.0,0.0,
2024-09-11 20:00:00+00:00,57585.5,57676.83,57211.1,57338.0,1597.48582,57114.539333082095,56692.20445105081,,0.0,0.0,
2024-09-12 00:00:00+00:00,57338.0,58470.01,57324.0,58232.72,4925.10026,57394.08449981157,56863.3728453785,,0.0,58470.01,
2024-09-12 04:00:00+00:00,58232.73,58430.56,57836.28,58138.16,3805.17892,57580.10337485868,57005.01586255867,,0.0,0.0,
2024-09-12 08:00:00+00:00,58138.15,58350.0,57894.0,58057.99,3403.41297,57699.575031144006,57122.01298894104,,0.0,0.0,
2024-09-12 12:00:00+00:00,58058.0,58588.0,57345.23,57512.03,9147.61704,57652.68877335801,57165.34821239203,,57345.23,58588.0,
2024-09-12 16:00:00+00:00,57512.03,58450.99,57494.01,58388.0,5931.38887,57836.516580018506,57301.19841101514,,0.0,0.0,
2024-09-12 20:00:00+00:00,58388.0,58388.0,57781.1,58132.32,3861.70825,57910.46743501388,57393.54525423568,,0.0,0.0,
2024-09-13 00:00:00+00:00,58132.31,58290.4,57798.49,57845.97,2349.18013,57894.34307626041,57443.81467043172,,0.0,0.0,
2024-09-13 04:00:00+00:00,57845.97,58137.68,57742.0,58109.31,2043.6269,57948.08480719531,57517.7585959393,,0.0,0.0,
2024-09-13 08:00:00+00:00,58109.31,58350.0,57815.0,57871.1,2642.80891,57928.83860539648,57557.018751946045,,0.0,0.0,
2024-09-13 12:00:00+00:00,57871.1,59723.97,57632.62,59667.38,10230.19313,58363.47395404736,57791.50333506315,,57632.62,0.0,
2024-09-13 16:00:00+00:00,59666.01,59999.0,59312.01,59743.99,6438.89464,58708.60296553552,58008.44629783391,,0.0,0.0,
2024-09-13 20:00:00+00:00,59743.99,60625.0,59633.4,60498.0,6120.52962,59155.95222415164,58285.06337585236,,0.0,60625.0,
2024-09-14 00:00:00+00:00,60497.99,60610.45,60285.55,60329.37,2276.07277,59449.30666811373,58512.20855631321,,0.0,0.0,
2024-09-14 04:00:00+00:00,60329.38,60348.24,59900.0,60138.14,2520.20691,59621.515001085296,58692.86760561175,,0.0,0.0,
2024-09-14 08:00:00+00:00,60138.14,60156.0,59605.98,59706.39,2203.8962,59642.733750813975,58805.48120498822,,0.0,0.0,
2024-09-14 12:00:00+00:00,59706.4,60010.0,59626.01,59876.0,1704.29511,59701.05031311048,58924.427737767306,,0.0,0.0,
2024-09-14 16:00:00+00:00,59875.99,59983.39,59400.0,59810.0,2133.99814,59728.28773483286,59022.82465579316,,59400.0,0.0,
2024-09-14 20:00:00+00:00,59810.01,60134.13,59774.0,59993.03,1299.43988,59794.47330112464,59130.625249593926,,0.0,0.0,
2024-09-15 00:00:00+00:00,59993.02,60280.06,59986.01,60155.93,1236.11942,59884.83747584348,59244.54799963904,,0.0,60280.06,
2024-09-15 04:00:00+00:00,60155.93,60216.0,60032.9,60196.0,1021.60267,59962.62810688261,59350.26488856804,,0.0,0.0,
2024-09-15 08:00:00+00:00,60195.99,60204.0,59880.0,60000.51,1163.54597,59972.09858016195,59422.514345393814,,0.0,0.0,
2024-09-15 12:00:00+00:00,60000.51,60395.8,59871.0,60335.41,2112.8118,60062.926435121466,59523.94719590561,,0.0,60395.8,
2024-09-15 16:00:00+00:00,60335.41,60352.65,59707.08,59878.22,3245.74935,60016.749826341096,59563.31084080499,,0.0,0.0,
2024-09-15 20:00:00+00:00,59878.23,59939.1,58691.05,59132.0,4978.0944,59795.56236975582,59515.38741404888,,0.0,0.0,
2024-09-16 00:00:00+00:00,59132.0,59210.7,58112.0,58575.09,5370.8386,59490.44427731686,59410.909923599,,58112.0,0.0,
2024-09-16 04:00:00+00:00,58575.09,58970.0,58312.54,58911.1,3433.45011,59345.60820798765,59355.375487643556,,0.0,0.0,
2024-09-16 08:00:00+00:00,58911.1,59179.35,58506.0,58663.99,3270.35511,59175.203655990736,59278.554877905386,,0.0,0.0,
2024-09-16 12:00:00+00:00,58664.0,58789.93,57553.38,57881.69,6950.28148,58851.82524199305,59123.34766924923,,0.0,0.0,
2024-09-16 16:00:00+00:00,57881.7,58263.84,57493.3,57943.99,4927.89314,58624.86643149479,58992.30792822154,,57493.3,0.0,
2024-09-16 20:00:00+00:00,57943.99,58410.0,57608.0,58213.99,2524.74576,58522.14732362109,58905.82815841915,,0.0,0.0,
2024-09-17 00:00:00+00:00,58213.99,58343.99,57610.01,58060.0,2399.69133,58406.610492715816,58811.847251928135,,0.0,0.0,
2024-09-17 04:00:00+00:00,58060.0,58779.08,58028.0,58695.39,2401.70353,58478.80536953686,58798.90755726946,,0.0,0.0,
2024-09-17 08:00:00+00:00,58695.39,59300.0,58636.36,59080.99,3403.05073,58629.35152715264,58830.25005090619,,0.0,0.0,
2024-09-17 12:00:00+00:00,59080.99,61320.0,58872.02,61135.5,14518.51056,59255.88864536448,59086.388934138835,,0.0,61320.0,1.0
2024-09-17 16:00:00+00:00,61135.49,61261.0,59618.26,59967.99,7151.64931,59433.91398402336,59184.34460812341,,0.0,0.0,
2024-09-17 20:00:00+00:00,59967.98,60424.25,59715.42,60313.99,3241.65332,59653.93298801752,59309.86076277636,,0.0,0.0,
2024-09-18 00:00:00+00:00,60313.99,60769.0,59854.6,60509.99,3991.84107,59867.94724101314,59443.208455801214,,0.0,0.0,
2024-09-18 04:00:00+00:00,60510.0,60689.62,60199.68,60428.01,1833.32107,60007.96293075986,59552.63084960108,,0.0,0.0,
2024-09-18 08:00:00+00:00,60428.01,60428.01,59348.88,59846.0,4528.13103,59967.472198069896,59585.22742186763,,0.0,0.0,
2024-09-18 12:00:00+00:00,59846.0,60160.0,59308.61,59429.18,5117.9094,59832.899148552424,59567.888819437896,,0.0,0.0,
2024-09-18 16:00:00+00:00,59429.19,61318.6,59174.8,60057.99,14645.02961,59889.17186141432,59622.34450616702,,59174.8,0.0,
2024-09-18 20:00:00+00:00,60057.99,61786.24,59473.68,61759.99,5970.79251,60356.87639606074,59859.86067214846,,0.0,0.0,
2024-09-19 00:00:00+00:00,61759.98,62589.52,61555.0,62117.99,8344.2925,60797.15479704556,60110.76393079863,,0.0,0.0,
2024-09-19 04:00:00+00:00,62117.98,62179.99,61814.0,62093.99,3360.24822,61121.36359778417,60331.12238293212,,0.0,0.0,
2024-09-19 08:00:00+00:00,62094.0,62727.52,61888.18,62645.44,3685.66229,61502.38269833813,60588.26878482855,,0.0,0.0,
2024-09-19 12:00:00+00:00,62645.44,63500.84,62582.14,63154.04,10166.54165,61915.2970237536,60873.35447540315,,0.0,0.0,
2024-09-19 16:00:00+00:00,63154.03,63850.0,62940.0,63251.99,6054.8445,62249.470267815195,61137.64731146947,,0.0,63850.0,
2024-09-19 20:00:00+00:00,63251.99,63254.14,62650.0,62947.99,2720.93692,62424.100200861394,61338.79649908397,,0.0,0.0,
2024-09-20 00:00:00+00:00,62948.0,63750.0,62606.0,63742.16,3621.8169,62753.615150646045,61605.83688807464,,62606.0,0.0,
2024-09-20 04:00:00+00:00,63742.15,64133.32,63390.32,63524.8,6638.35306,62946.41136298454,61819.0550116219,,0.0,64133.32,
2024-09-20 08:00:00+00:00,63524.81,63700.0,63090.43,63440.0,3743.75146,63069.8085222384,61999.16001033058,,0.0,0.0,
2024-09-20 12:00:00+00:00,63440.01,63544.37,62553.9,63153.99,6589.92794,63090.8538916788,62127.47445362718,,0.0,0.0,
2024-09-20 16:00:00+00:00,63153.99,63282.0,62350.0,62809.13,3393.59501,63020.4229187591,62203.21395877972,,62350.0,0.0,
2024-09-20 20:00:00+00:00,62809.13,63300.0,62709.3,63201.05,1478.93357,63065.579689069324,62314.08463002642,,0.0,0.0,
2024-09-21 00:00:00+00:00,63201.05,63310.37,62816.47,62889.57,1640.98964,63021.57726680199,62378.02744891237,,0.0,63310.37,
2024-09-21 04:00:00+00:00,62889.58,63134.0,62758.0,63091.02,1209.98344,63038.93795010149,62457.24884347766,,0.0,0.0,
2024-09-21 08:00:00+00:00,63091.02,63136.0,62966.01,63089.77,1035.11805,63051.64596257612,62527.528971980144,,0.0,0.0,
2024-09-21 12:00:00+00:00,63089.76,63306.0,63036.92,63167.98,1603.27919,63080.72947193209,62598.690197315686,,0.0,0.0,
2024-09-21 16:00:00+00:00,63167.98,63400.0,63086.0,63203.59,1787.68953,63111.44460394907,62665.901286502834,,0.0,0.0,
2024-09-21 20:00:00+00:00,63203.59,63559.9,63058.0,63348.96,1098.28623,63170.823452961806,62741.79669911363,,0.0,63559.9,
2024-09-22 00:00:00+00:00,63348.97,63450.0,62830.01,63106.0,1863.74001,63154.617589721354,62782.26373254545,,0.0,0.0,
2024-09-22 04:00:00+00:00,63106.0,63200.0,62838.0,62936.0,967.92007,63099.96319229102,62799.3455400404,,0.0,0.0,
2024-09-22 08:00:00+00:00,62936.0,63034.99,62544.94,62784.0,1840.93484,63020.97239421826,62797.64048003591,,0.0,0.0,
2024-09-22 12:00:00+00:00,62784.0,62930.0,62429.16,62652.12,2271.34613,62928.759295663695,62781.471537809695,,0.0,0.0,
2024-09-22 16:00:00+00:00,62652.12,63229.5,62468.01,63160.0,2262.34879,62986.569471747775,62823.53025583084,,0.0,0.0,
2024-09-22 20:00:00+00:00,63160.0,64000.0,62357.93,63578.76,5035.90908,63134.61710381083,62907.44467184963,,62357.93,0.0,
2024-09-23 00:00:00+00:00,63578.76,64745.88,62538.75,64354.0,7140.31946,63439.46282785812,63068.17304164412,,0.0,64745.88,
2024-09-23 04:00:00+00:00,64354.0,64455.13,63400.0,63548.82,3443.68917,63466.80212089359,63121.57825923922,,0.0,0.0,
2024-09-23 08:00:00+00:00,63548.83,63710.0,63300.0,63435.04,2927.2427,63458.86159067019,63156.40734154597,,0.0,0.0,
2024-09-23 12:00:00+00:00,63435.03,63806.0,63059.93,63618.0,5683.13836,63498.64619300264,63207.69541470753,,63059.93,0.0,
2024-09-23 16:00:00+00:00,63617.99,63825.96,63098.97,63298.56,3051.89312,63448.62464475198,63217.79147974003,,0.0,63825.96,
2024-09-23 20:00:00+00:00,63300.01,63489.0,63088.69,63339.99,1831.77006,63421.46598356398,63231.36909310225,,0.0,0.0,
2024-09-24 00:00:00+00:00,63339.99,63401.21,62700.0,63124.0,4362.37127,63347.09948767299,63219.43919386867,,62700.0,0.0,
2024-09-24 04:00:00+00:00,63124.01,63569.99,62900.0,63559.92,2295.13582,63400.30461575474,63257.27039454992,,0.0,0.0,
2024-09-24 08:00:00+00:00,63559.93,63948.0,63380.0,63478.34,2935.03801,63419.813461816055,63281.83368404437,,0.0,0.0,
2024-09-24 12:00:00+00:00,63478.35,63768.0,62731.1,63159.99,5750.10021,63354.85759636204,63268.29549692833,,62731.1,0.0,
2024-09-24 16:00:00+00:00,63159.99,64375.0,63088.02,64292.34,4151.18148,63589.22819727153,63382.07821949185,,0.0,0.0,
2024-09-24 20:00:00+00:00,64292.35,64688.0,63966.66,64262.7,3691.2208,63757.59614795365,63479.925083992755,,0.0,0.0,
2024-09-25 00:00:00+00:00,64262.7,64817.99,63990.41,64460.0,3313.63849,63933.19711096524,63588.82229688245,,0.0,64817.99,
2024-09-25 04:00:00+00:00,64460.01,64460.23,63645.49,63843.33,2493.73409,63910.730333223924,63617.10093056218,,0.0,0.0,
2024-09-25 08:00:00+00:00,63843.34,63915.07,63407.7,63838.01,2671.75745,63892.55024991794,63641.646382721934,,0.0,0.0,
2024-09-25 12:00:00+00:00,63838.01,63999.0,63283.37,63495.66,3683.29568,63793.32768743846,63625.42567353061,,0.0,0.0,
2024-09-25 16:00:00+00:00,63495.66,63670.0,63000.0,63181.5,3421.13755,63640.370765578846,63576.100598693876,,0.0,0.0,
2024-09-25 20:00:00+00:00,63181.51,63551.81,62947.08,63152.01,2229.54842,63518.28057418414,63528.97942106122,,0.0,0.0,
2024-09-26 00:00:00+00:00,63152.01,63544.0,62670.0,63514.34,3182.8406,63517.2954306381,63527.35281872109,,62670.0,0.0,
2024-09-26 04:00:00+00:00,63514.35,63874.41,63340.0,63852.07,1978.65426,63600.98907297858,63563.43250552986,,0.0,0.0,1.0
2024-09-26 08:00:00+00:00,63852.07,64500.0,63595.67,64393.99,4265.52614,63799.23930473393,63655.7166715821,,0.0,0.0,
2024-09-26 12:00:00+00:00,64393.98,65550.0,64150.0,65229.03,10972.58828,64156.686978550446,63830.52926362853,,0.0,0.0,
2024-09-26 16:00:00+00:00,65229.03,65839.0,64693.26,64711.06,5421.22806,64295.28023391283,63928.366012114246,,0.0,65839.0,
2024-09-26 20:00:00+00:00,64711.07,65244.0,64633.52,65173.99,2552.46859,64514.95767543462,64066.768677434884,,0.0,0.0,
2024-09-27 00:00:00+00:00,65173.99,65425.0,64819.9,65366.01,2512.15165,64727.72075657597,64211.128824386564,,0.0,0.0,
2024-09-27 04:00:00+00:00,65366.01,65550.0,65099.99,65460.02,3455.03541,64910.795567431975,64349.894510565835,,0.0,0.0,
2024-09-27 08:00:00+00:00,65460.02,65986.0,65342.78,65437.35,3894.1937,65042.43417557398,64470.72289828074,,0.0,0.0,
2024-09-27 12:00:00+00:00,65437.36,66498.0,65314.31,66006.01,7244.94249,65283.328131680486,64641.31035402733,,0.0,66498.0,
2024-09-27 16:00:00+00:00,66006.01,66360.0,65524.0,65657.99,3581.38796,65376.99359876037,64754.274759135405,,0.0,0.0,
2024-09-27 20:00:00+00:00,65657.99,65962.0,65625.0,65769.95,1361.09366,65475.23269907027,64867.12756367592,,0.0,0.0,
2024-09-28 00:00:00+00:00,65769.95,66260.0,65720.0,66063.76,1667.03312,65622.3645243027,65000.08672326748,,0.0,0.0,
2024-09-28 04:00:00+00:00,66063.76,66087.0,65738.0,65824.01,1261.99889,65672.77589322702,65091.63375401554,,0.0,0.0,
2024-09-28 08:00:00+00:00,65824.01,65824.01,65453.0,65798.01,1658.51739,65704.08441992027,65170.12000356936,,0.0,0.0,
2024-09-28 12:00:00+00:00,65798.01,65816.0,65422.23,65619.13,1613.79987,65682.8458149402,65220.01000317276,,65422.23,0.0,
2024-09-28 16:00:00+00:00,65619.14,65823.08,65492.59,65724.0,1744.50199,65693.13436120516,65276.00889170912,,0.0,0.0,
2024-09-28 20:00:00+00:00,65724.0,65982.16,65432.0,65858.0,1181.3819,65734.35077090387,65340.674570408104,,0.0,0.0,
2024-09-29 00:00:00+00:00,65858.0,65984.0,65647.28,65815.92,1175.81973,65754.7430781779,65393.47961814054,,0.0,65984.0,
2024-09-29 04:00:00+00:00,65815.93,65815.93,65432.0,65477.01,1284.12437,65685.30980863342,65402.76077168048,,65432.0,0.0,
2024-09-29 08:00:00+00:00,65477.01,65720.0,65433.0,65691.92,1041.46532,65686.96235647507,65434.88957482709,,0.0,0.0,
2024-09-29 12:00:00+00:00,65691.92,65850.0,65576.21,65751.34,1924.67822,65703.05676735629,65470.05073317963,,0.0,0.0,
2024-09-29 16:00:00+00:00,65751.34,65972.17,65654.01,65958.82,1134.64262,65766.99757551722,65524.358429493004,,0.0,0.0,
2024-09-29 20:00:00+00:00,65958.81,66076.12,65528.0,65602.01,1777.01085,65725.75068163792,65532.98638177156,,0.0,66076.12,
2024-09-30 00:00:00+00:00,65602.01,65618.8,64190.0,64553.68,6048.78935,65432.73301122844,65424.17456157472,,0.0,0.0,
2024-09-30 04:00:00+00:00,64553.68,64750.01,64310.0,64562.01,3209.21927,65215.05225842133,65328.37849917753,,0.0,0.0,
2024-09-30 08:00:00+00:00,64562.01,64576.01,63249.68,63819.44,7287.18568,64866.149193816,65160.71866593559,,0.0,0.0,
2024-09-30 12:00:00+00:00,63819.45,64161.08,63508.0,63561.41,4845.53912,64539.964395362,64983.017703053854,,0.0,0.0,
2024-09-30 16:00:00+00:00,63561.42,63738.25,63056.0,63488.0,5487.90402,64276.9732965215,64816.90462493676,,0.0,0.0,
2024-09-30 20:00:00+00:00,63488.0,63860.0,62856.3,63327.59,3132.45008,64039.62747239113,64651.425222166006,,62856.3,0.0,
2024-10-01 00:00:00+00:00,63327.6,63744.0,63006.7,63723.48,3879.35185,63960.59060429335,64548.3201974809,,0.0,0.0,
2024-10-01 04:00:00+00:00,63723.47,64130.63,63652.06,64045.92,3515.39368,63981.92295322001,64492.49795331636,,0.0,64130.63,
2024-10-01 08:00:00+00:00,64045.92,64118.0,63707.89,63734.0,3230.34622,63919.942214915005,64408.220402947874,,0.0,0.0,
2024-10-01 12:00:00+00:00,63734.01,63809.97,61814.01,62628.85,12629.85952,63597.169161186255,64210.512580398114,,0.0,0.0,
2024-10-01 16:00:00+00:00,62628.85,62778.73,61092.0,61755.99,12278.90165,63136.874370889695,63937.78784924277,,0.0,0.0,
2024-10-01 20:00:00+00:00,61755.99,61760.74,60164.0,60805.78,8137.62816,62554.10077816727,63589.78697710468,,60164.0,0.0,
2024-10-02 00:00:00+00:00,60804.92,61883.0,60733.81,61750.47,4288.88242,62353.19308362545,63385.41842409305,,0.0,0.0,
2024-10-02 04:00:00+00:00,61750.46,61940.0,61350.0,61727.4,2824.36251,62196.74481271909,63201.19415474938,,0.0,61940.0,
2024-10-02 08:00:00+00:00,61727.39,61914.34,60888.88,61164.01,3827.59582,61938.56110953932,62974.84035977723,,0.0,0.0,
2024-10-02 12:00:00+00:00,61164.01,61926.9,60524.21,61874.01,7565.27679,61922.42333215449,62852.52587535753,,0.0,0.0,
2024-10-02 16:00:00+00:00,61874.01,62390.31,60000.0,60190.01,7929.51771,61489.31999911587,62556.69077809559,,60000.0,62390.31,
2024-10-02 20:00:00+00:00,60190.01,60999.24,60128.0,60649.28,5099.06593,61279.3099993369,62344.75624719608,,0.0,0.0,
2024-10-03 00:00:00+00:00,60649.27,61464.0,60536.0,61463.99,3657.31206,61325.47999950268,62246.893330840954,,0.0,0.0,
2024-10-03 04:00:00+00:00,61464.0,61477.19,60814.12,60926.0,3351.19716,61225.609999627006,62100.12740519196,,0.0,61477.19,
2024-10-03 08:00:00+00:00,60926.0,61070.47,60126.56,60764.74,4407.11899,61110.392499720256,61951.7510268373,,0.0,0.0,
2024-10-03 12:00:00+00:00,60764.73,60900.0,59828.11,60641.5,8572.02693,60993.16937479019,61806.16757941093,,59828.11,0.0,
2024-10-03 16:00:00+00:00,60641.5,61058.0,59917.02,61036.0,4408.85414,61003.87703109264,61720.59340392083,,0.0,0.0,
2024-10-03 20:00:00+00:00,61036.0,61100.0,60596.4,60752.71,1824.92544,60941.08527331948,61613.05080348518,,0.0,0.0,
2024-10-04 00:00:00+00:00,60752.72,61272.73,60459.9,60951.99,2373.59688,60943.811454989605,61539.59960309794,,0.0,0.0,
2024-10-04 04:00:00+00:00,60951.99,61544.98,60936.66,61443.64,2454.00481,61068.7685912422,61528.93742497594,,0.0,0.0,
2024-10-04 08:00:00+00:00,61443.64,61646.27,61266.42,61449.84,2343.66551,61164.03644343165,61520.148822200834,,0.0,0.0,
2024-10-04 12:00:00+00:00,61449.84,62004.48,60753.97,61873.04,8500.985,61341.28733257374,61559.35895306741,,60753.97,0.0,
2024-10-04 16:00:00+00:00,61873.05,62468.0,61644.01,62368.0,4031.14494,61597.965499430305,61649.20795828214,,0.0,0.0,
2024-10-04 20:00:00+00:00,62368.0,62484.85,61965.14,62086.0,1591.2628,61719.97412457273,61697.7404073619,,0.0,62484.85,1.0
2024-10-05 00:00:00+00:00,62086.0,62214.0,61689.26,61861.99,1490.81546,61755.47809342954,61715.99036209947,,0.0,0.0,
2024-10-05 04:00:00+00:00,61861.99,62268.28,61824.01,62076.19,1052.59709,61835.65607007216,61756.012544088415,,0.0,0.0,
2024-10-05 08:00:00+00:00,62076.2,62326.48,62076.19,62180.0,1522.84096,61921.742052554124,61803.122261411925,,0.0,0.0,
2024-10-05 12:00:00+00:00,62179.99,62370.56,62100.0,62167.66,1317.65584,61983.221539415594,61843.626454588375,,0.0,62370.56,
2024-10-05 16:00:00+00:00,62167.65,62180.0,61790.0,61848.48,1408.81584,61949.5361545617,61844.16573741189,,0.0,0.0,
2024-10-05 20:00:00+00:00,61848.48,62100.0,61700.0,62058.0,1014.73622,61976.65211592127,61867.925099921675,,61700.0,0.0,
2024-10-06 00:00:00+00:00,62058.01,62150.0,61876.0,61878.66,882.65112,61952.15408694095,61869.117866597044,,0.0,0.0,
2024-10-06 04:00:00+00:00,61878.66,62010.0,61798.97,61949.01,907.06061,61951.368065205716,61877.99477030848,,0.0,0.0,
2024-10-06 08:00:00+00:00,61949.01,62176.75,61922.0,62101.92,936.78235,61989.00604890429,61902.875351385315,,0.0,0.0,
2024-10-06 12:00:00+00:00,62101.92,62777.0,62065.31,62720.01,3063.00545,62171.75703667822,61993.66809012028,,0.0,0.0,
2024-10-06 16:00:00+00:00,62720.01,62975.0,62550.0,62631.38,1681.72471,62286.66277750866,62064.5249689958,,0.0,0.0,
2024-10-06 20:00:00+00:00,62631.38,62912.33,62302.0,62819.91,1435.63753,62419.974583131494,62148.456639107375,,0.0,0.0,
2024-10-07 00:00:00+00:00,62819.91,63970.19,62657.44,63530.51,4456.00399,62697.60843734862,62302.018123651,,0.0,63970.19,
2024-10-07 04:00:00+00:00,63530.51,63753.91,63300.48,63531.99,2115.0378,62906.203828011465,62438.68166546756,,0.0,0.0,
2024-10-07 08:00:00+00:00,63532.0,63706.0,62649.95,63135.44,4457.19558,62963.5128710086,62516.09925819338,,62649.95,0.0,
2024-10-07 12:00:00+00:00,63135.45,64478.19,62825.37,63651.6,7602.50861,63135.53465325645,62642.266007283004,,0.0,64478.19,
2024-10-07 16:00:00+00:00,63651.59,63906.57,62735.9,63382.0,4094.49583,63197.15098994234,62724.45867314045,,0.0,0.0,
2024-10-07 20:00:00+00:00,63381.99,63410.0,62128.0,62224.0,3240.94339,62953.863242456755,62668.85215390262,,0.0,0.0,
2024-10-08 00:00:00+00:00,62224.01,62820.0,62156.02,62629.8,2759.18935,62872.847431842565,62664.513025691216,,0.0,0.0,
2024-10-08 04:00:00+00:00,62629.8,62778.04,62005.0,62319.99,2588.87096,62734.63307388192,62626.232689503304,,0.0,0.0,
2024-10-08 08:00:00+00:00,62319.99,62670.16,62193.63,62624.01,2240.95507,62706.97730541144,62625.98572400294,,0.0,0.0,
2024-10-08 12:00:00+00:00,62624.02,63200.0,61864.89,62288.01,6977.22252,62602.23547905858,62588.43286578039,,0.0,63200.0,
2024-10-08 16:00:00+00:00,62288.01,62598.0,61860.31,62245.53,3585.78327,62513.059109293936,62550.33254736035,,61860.31,0.0,
2024-10-08 20:00:00+00:00,62245.99,62565.95,62026.13,62160.49,1550.20254,62424.91683197045,62507.01670876475,,0.0,0.0,
2024-10-09 00:00:00+00:00,62160.5,62494.0,62002.5,62394.07,2218.57179,62417.20512397784,62494.467074457556,,0.0,0.0,
2024-10-09 04:00:00+00:00,62394.07,62543.75,62200.0,62276.78,2041.93089,62382.09884298338,62470.27962174005,,0.0,0.0,
2024-10-09 08:00:00+00:00,62276.79,62287.07,62046.69,62200.0,1718.42818,62336.57413223754,62440.24855265782,,0.0,0.0,
2024-10-09 12:00:00+00:00,62199.99,62412.09,61634.61,62316.0,5229.60107,62331.43059917816,62426.44315791806,,0.0,0.0,
2024-10-09 16:00:00+00:00,62316.0,62350.0,60835.0,61031.98,5071.40002,62006.56794938362,62271.502807038276,,0.0,0.0,
2024-10-09 20:00:00+00:00,61031.99,61122.53,60301.0,60636.02,3731.22489,61663.93096203772,62089.78249514513,,60301.0,0.0,
2024-10-10 00:00:00+00:00,60636.01,60956.0,60355.0,60865.29,2727.57646,61464.270721528286,61953.72777346234,,0.0,0.0,
2024-10-10 04:00:00+00:00,60865.29,61149.58,60814.9,60900.0,1627.37524,61323.20304114622,61836.646909744304,,0.0,0.0,
2024-10-10 08:00:00+00:00,60900.01,61321.68,60630.71,61262.0,2559.67177,61307.902280859664,61772.79725310605,,0.0,61321.68,
2024-10-10 12:00:00+00:00,61262.01,61320.0,60444.99,60789.36,5227.91174,61178.26671064475,61663.52644720538,,0.0,0.0,
2024-10-10 16:00:00+00:00,60789.36,61030.31,58946.0,59727.28,8517.95777,60815.520032983564,61448.38795307145,,58946.0,0.0,
2024-10-10 20:00:00+00:00,59727.27,60329.27,59586.29,60326.39,3307.43183,60693.23752473768,61323.72151384129,,0.0,0.0,
2024-10-11 00:00:00+00:00,60326.4,60768.64,60087.64,60614.0,2415.18063,60673.42814355326,61244.86356785892,,0.0,0.0,
2024-10-11 04:00:00+00:00,60614.01,60925.16,60578.0,60674.69,2034.06082,60673.74360766495,61181.51094920793,,0.0,0.0,
2024-10-11 08:00:00+00:00,60674.68,61263.4,60650.44,61174.87,2754.98816,60799.02520574871,61180.7730659626,,0.0,0.0,
2024-10-11 12:00:00+00:00,61174.88,62450.0,61129.72,62259.05,6907.87356,61164.031404311536,61300.58161418898,,0.0,0.0,
2024-10-11 16:00:00+00:00,62259.04,63417.56,62123.0,63086.01,6450.8743,61644.526053233654,61498.96254594576,,0.0,63417.56,1.0
2024-10-11 20:00:00+00:00,63086.0,63160.0,62357.7,62540.0,3078.37462,61868.39453992524,61614.63337417401,,0.0,0.0,
2024-10-12 00:00:00+00:00,62539.99,63073.78,62487.23,62568.0,2510.94662,62043.29590494393,61720.562999265785,,0.0,0.0,
2024-10-12 04:00:00+00:00,62568.0,62800.0,62565.51,62767.57,1198.66803,62224.36442870795,61836.89711045848,,0.0,0.0,
2024-10-12 08:00:00+00:00,62767.57,63260.53,62672.34,62936.91,1999.15341,62402.500821530964,61959.12076485198,,0.0,0.0,
2024-10-12 12:00:00+00:00,62936.91,63480.0,62824.03,63157.49,2690.48359,62591.24811614822,62092.27290209065,,0.0,63480.0,
2024-10-12 16:00:00+00:00,63157.5,63400.0,62911.0,63000.01,1537.73891,62693.438587111166,62193.132579636134,,0.0,0.0,
2024-10-12 20:00:00+00:00,63000.01,63388.0,63000.0,63206.22,974.3106,62821.63394033338,62305.697848565454,,0.0,0.0,
2024-10-13 00:00:00+00:00,63206.23,63285.72,62654.91,62712.31,1978.86462,62794.30295525003,62350.87697650262,,0.0,0.0,
2024-10-13 04:00:00+00:00,62712.31,62990.0,62707.21,62843.48,976.93771,62806.59721643753,62405.61064578011,,0.0,0.0,
2024-10-13 08:00:00+00:00,62843.48,62962.0,62520.18,62561.33,2072.26507,62745.280412328146,62422.91279624899,,0.0,0.0,
2024-10-13 12:00:00+00:00,62561.34,62818.0,62050.0,62229.31,2882.28535,62616.28780924611,62401.40137444354,,62050.0,0.0,
2024-10-13 16:00:00+00:00,62229.32,62887.78,62177.67,62734.32,2186.22682,62645.79585693458,62438.3923328387,,0.0,0.0,
2024-10-13 20:00:00+00:00,62734.31,63125.0,62610.67,62870.02,1812.64038,62701.851892700935,62486.35096252329,,0.0,0.0,
2024-10-14 00:00:00+00:00,62870.02,64392.49,62457.81,64299.99,5202.69582,63101.386419525705,62687.866411131814,,0.0,0.0,
2024-10-14 04:00:00+00:00,64300.0,64686.0,63778.62,64620.87,6540.2077,63481.25731464428,62902.64458767272,,0.0,0.0,
2024-10-14 08:00:00+00:00,64620.87,65188.57,64340.98,64920.06,5338.83523,63840.95798598321,63126.80185570908,,0.0,0.0,
2024-10-14 12:00:00+00:00,64920.05,66299.93,64660.56,65870.0,11165.96157,64348.21848948741,63431.60164951919,,0.0,0.0,
2024-10-14 16:00:00+00:00,65870.0,66072.3,65459.0,65939.4,5541.11281,64746.01386711556,63710.24591068372,,0.0,0.0,
2024-10-14 20:00:00+00:00,65939.41,66500.0,65730.0,66083.99,3881.13909,65080.50790033667,63973.99525394109,,0.0,66500.0,
2024-10-15 00:00:00+00:00,66084.0,66330.0,65324.4,65400.0,3574.82599,65160.3809252525,64132.44022572541,,0.0,0.0,
2024-10-15 04:00:00+00:00,65399.99,65846.0,65201.0,65638.74,3319.36953,65279.97069393938,64299.806867311476,,0.0,0.0,
2024-10-15 08:00:00+00:00,65638.74,65850.0,65280.0,65399.69,3798.65244,65309.90052045454,64422.01610427687,,0.0,0.0,
2024-10-15 12:00:00+00:00,65399.68,67950.0,64800.01,66022.0,20567.31949,65487.925390340904,64599.79209269055,,64800.01,67950.0,
2024-10-15 16:00:00+00:00,66022.01,67390.89,65982.55,66970.18,8440.07018,65858.48904275568,64863.168526836045,,0.0,0.0,
2024-10-15 20:00:00+00:00,66970.18,67156.47,66130.64,67074.14,3983.7166,66162.40178206677,65108.832023854266,,0.0,0.0,
2024-10-16 00:00:00+00:00,67074.14,67561.04,66750.49,67095.98,3508.4024,66395.79633655008,65329.62624342601,,0.0,0.0,
2024-10-16 04:00:00+00:00,67095.99,67361.41,66775.67,66972.53,3070.41603,66539.97975241256,65512.17110526757,,0.0,0.0,
2024-10-16 08:00:00+00:00,66972.53,68424.0,66917.52,67894.72,8671.10496,66878.66481430942,65776.89876023783,,0.0,68424.0,
2024-10-16 12:00:00+00:00,67894.73,68308.91,67117.18,67749.99,9342.2106,67096.49611073207,65996.1311202114,,0.0,0.0,
2024-10-16 16:00:00+00:00,67750.0,68100.0,67482.0,67728.0,3575.32974,67254.37208304905,66188.56099574346,,0.0,0.0,
2024-10-16 20:00:00+00:00,67728.01,67954.03,67500.0,67620.01,1770.79171,67345.78156228678,66347.6108851053,,0.0,0.0,
2024-10-17 00:00:00+00:00,67620.0,67939.4,67406.99,67601.4,2503.78211,67409.68617171509,66486.92078676027,,0.0,0.0,
2024-10-17 04:00:00+00:00,67601.4,67601.4,67087.35,67303.18,3552.90409,67383.05962878632,66577.61625489802,,0.0,0.0,
2024-10-17 08:00:00+00:00,67303.18,67530.01,66741.09,66872.43,4840.70419,67255.40222158973,66610.37333768712,,0.0,0.0,
2024-10-17 12:00:00+00:00,66872.44,67680.0,66666.0,67590.66,6644.01683,67339.2166661923,66719.29407794411,,66666.0,67680.0,
2024-10-17 16:00:00+00:00,67590.67,67590.67,66720.0,66840.0,5364.13174,67214.41249964423,66732.70584706143,,0.0,0.0,
2024-10-17 20:00:00+00:00,66840.0,67480.0,66827.68,67421.78,2422.68965,67266.25437473317,66809.26964183238,,0.0,0.0,
2024-10-18 00:00:00+00:00,67421.78,68260.92,67192.36,67555.4,4815.67963,67338.54078104987,66892.17301496211,,0.0,0.0,
2024-10-18 04:00:00+00:00,67555.41,68378.95,67544.0,67969.7,4436.03787,67496.33058578741,67011.89823552188,,0.0,0.0,
2024-10-18 08:00:00+00:00,67969.69,68050.0,67674.98,67702.0,3604.45968,67547.74793934055,67088.57620935277,,0.0,0.0,
2024-10-18 12:00:00+00:00,67702.0,68870.68,67642.71,68735.35,8981.93414,67844.64845450541,67271.55107498025,,0.0,0.0,
2024-10-18 16:00:00+00:00,68735.34,69000.0,68360.0,68608.01,5094.2734,68035.48884087906,67420.04651109355,,0.0,69000.0,
2024-10-18 20:00:00+00:00,68608.01,68690.0,68204.1,68428.0,1793.25028,68133.6166306593,67532.04134319426,,0.0,0.0,
2024-10-19 00:00:00+00:00,68427.99,68693.26,68303.03,68450.01,1376.73627,68212.71497299446,67634.03786061711,,0.0,0.0,
2024-10-19 04:00:00+00:00,68450.0,68560.0,68302.31,68346.54,1113.67315,68246.17122974584,67713.20476499299,,0.0,0.0,
2024-10-19 08:00:00+00:00,68346.54,68475.7,68090.3,68090.3,1655.36285,68207.20342230938,67755.10423554933,,0.0,0.0,
2024-10-19 12:00:00+00:00,68090.3,68350.0,68088.0,68226.93,1346.90882,68212.13506673204,67807.52932048829,,0.0,0.0,
2024-10-19 16:00:00+00:00,68226.94,68242.43,68010.0,68181.98,1019.59496,68204.59630004903,67849.13495154514,,68010.0,0.0,
2024-10-19 20:00:00+00:00,68181.98,68413.96,68168.45,68378.0,1681.39132,68247.94722503677,67907.8977347068,,0.0,0.0,
2024-10-20 00:00:00+00:00,68377.99,68446.0,68100.0,68188.0,1054.72024,68232.96041877757,67939.02020862827,,0.0,0.0,
2024-10-20 04:00:00+00:00,68188.01,68433.5,68176.26,68378.0,1441.04305,68269.22031408318,67987.7957410029,,0.0,0.0,
2024-10-20 08:00:00+00:00,68378.01,68500.0,68355.0,68420.01,1130.42068,68306.91773556238,68035.81954755813,,0.0,0.0,
2024-10-20 12:00:00+00:00,68420.01,68772.7,68198.22,68625.99,3025.00337,68386.68580167179,68101.3940422739,,0.0,0.0,
2024-10-20 16:00:00+00:00,68625.99,68660.0,68422.0,68508.29,1137.38491,68417.08685125384,68146.60470424347,,0.0,0.0,
2024-10-20 20:00:00+00:00,68508.3,69400.0,68461.93,69031.99,4653.90153,68570.81263844039,68244.98084821641,,0.0,0.0,
2024-10-21 00:00:00+00:00,69032.0,69519.52,68588.51,68939.99,4025.34961,68663.1069788303,68322.20408730347,,0.0,69519.52,
2024-10-21 04:00:00+00:00,68940.0,69185.18,68488.33,68514.0,2657.04256,68625.83023412272,68343.51474426975,,0.0,0.0,
2024-10-21 08:00:00+00:00,68513.99,68661.0,68119.01,68238.01,4244.21652,68528.87517559204,68331.79199490644,,0.0,0.0,
2024-10-21 12:00:00+00:00,68238.0,68328.68,66840.67,67341.02,12814.65836,68231.91138169402,68221.7062176946,,66840.67,0.0,
2024-10-21 16:00:00+00:00,67341.02,67941.17,66894.0,67763.0,5541.16575,68114.68353627052,68170.73886017298,,0.0,0.0,
2024-10-21 20:00:00+00:00,67763.99,67933.79,67366.66,67377.5,2091.98904,67930.38765220289,68082.60120904265,,0.0,0.0,
2024-10-22 00:00:00+00:00,67377.5,67694.92,66571.42,67390.02,4530.23136,67795.29573915216,68005.64774137124,,66571.42,0.0,
2024-10-22 04:00:00+00:00,67390.01,67800.0,67278.02,67402.0,2582.69229,67696.97180436412,67938.57577010777,,0.0,0.0,
2024-10-22 08:00:00+00:00,67402.0,67526.67,66740.0,67299.15,5952.92995,67597.5163532731,67867.52846231802,,0.0,0.0,
2024-10-22 12:00:00+00:00,67299.15,67693.34,66644.18,67282.27,6233.58519,67518.70476495482,67802.49974428269,,66644.18,0.0,
2024-10-22 16:00:00+00:00,67282.27,67635.72,66920.0,67482.98,3629.34667,67509.77357371611,67766.9975504735,,0.0,0.0,
2024-10-22 20:00:00+00:00,67482.99,67836.01,67292.0,67426.0,1670.17722,67488.83018028708,67729.10893375422,,0.0,67836.01,
2024-10-23 00:00:00+00:00,67426.01,67472.83,66890.0,67082.1,2192.04981,67387.14763521531,67657.21905222598,,0.0,0.0,
2024-10-23 04:00:00+00:00,67082.1,67302.83,66800.0,66852.34,2205.04466,67253.44572641148,67567.78804642308,,0.0,0.0,
2024-10-23 08:00:00+00:00,66852.33,67048.0,66200.0,66414.0,4678.16343,67043.5842948086,67439.58937459829,,0.0,0.0,
2024-10-23 12:00:00+00:00,66414.0,66910.15,65923.01,66223.44,6555.45611,66838.54822110645,67304.4616663096,,0.0,0.0,
2024-10-23 16:00:00+00:00,66223.45,66573.58,65260.0,66472.0,7747.67519,66746.91116582984,67211.96592560853,,65260.0,0.0,
2024-10-23 20:00:00+00:00,66472.0,66807.37,66338.99,66668.65,2151.8515,66727.34587437237,67151.5974894298,,0.0,0.0,
2024-10-24 00:00:00+00:00,66668.65,67612.12,66510.0,67213.16,4069.13262,66848.79940577928,67158.43776838205,,0.0,67612.12,
2024-10-24 04:00:00+00:00,67213.16,67479.55,67068.75,67123.08,2168.24652,66917.36955433447,67154.50912745071,,0.0,0.0,
2024-10-24 08:00:00+00:00,67123.09,67322.26,66700.0,67285.99,3627.57529,67009.52466575085,67169.11811328953,,0.0,0.0,
2024-10-24 12:00:00+00:00,67286.0,67998.0,67262.0,67701.22,5556.69154,67182.44849931315,67228.24054514625,,0.0,0.0,
2024-10-24 16:00:00+00:00,67701.21,68323.0,67350.01,68309.79,4018.19794,67464.28387448486,67348.41270679668,,0.0,0.0,1.0
2024-10-24 20:00:00+00:00,68309.79,68850.0,67978.04,68198.28,3149.99486,67647.78290586364,67442.84240604148,,0.0,68850.0,
2024-10-25 00:00:00+00:00,68198.27,68286.56,67836.0,68008.0,2103.46788,67737.83717939773,67505.6376942591,,0.0,0.0,
2024-10-25 04:00:00+00:00,68007.99,68045.36,67250.0,67531.97,3239.24812,67686.3703845483,67508.5635060081,,67250.0,0.0,
2024-10-25 08:00:00+00:00,67531.96,68183.78,67286.28,68105.79,3432.59534,67791.22528841122,67574.92200534053,,0.0,0.0,
2024-10-25 12:00:00+00:00,68105.79,68771.49,67429.87,67690.01,6063.80083,67765.92146630841,67587.7095603027,,0.0,68771.49,
2024-10-25 16:00:00+00:00,67690.01,67890.52,66006.6,66850.0,12819.56162,67536.94109973131,67505.74183138018,,0.0,0.0,
2024-10-25 20:00:00+00:00,66849.99,67392.52,65596.29,66698.33,6821.03746,67327.28832479849,67416.02940567127,,65596.29,0.0,
2024-10-26 00:00:00+00:00,66698.32,67050.2,66439.9,66914.0,3685.00548,67223.96624359887,67360.24836059668,,0.0,0.0,
2024-10-26 04:00:00+00:00,66914.0,67240.02,66784.26,67007.99,1628.86516,67169.97218269916,67321.10854275261,,0.0,0.0,
2024-10-26 08:00:00+00:00,67007.99,67264.34,66953.02,67138.0,1491.87488,67161.97913702438,67300.76314911344,,0.0,67264.34,
2024-10-26 12:00:00+00:00,67138.0,67180.0,66744.0,66886.49,2610.78256,67093.10685276828,67254.73279921194,,66744.0,0.0,
2024-10-26 16:00:00+00:00,66886.49,67181.82,66788.0,67177.99,1318.30448,67114.32763957621,67246.20582152173,,0.0,0.0,
2024-10-26 20:00:00+00:00,67178.0,67454.55,67084.0,67092.76,1108.07514,67108.93572968215,67229.15628579709,,0.0,67454.55,
2024-10-27 00:00:00+00:00,67092.76,67325.46,66913.73,67289.57,986.04169,67154.09429726162,67235.86892070853,,0.0,0.0,
2024-10-27 04:00:00+00:00,67289.57,67317.78,67120.0,67204.01,668.95382,67166.57322294622,67232.3290406298,,0.0,0.0,
2024-10-27 08:00:00+00:00,67204.0,67266.49,67036.85,67128.04,1089.42823,67156.93991720966,67220.74136944872,,0.0,0.0,
2024-10-27 12:00:00+00:00,67128.03,67858.0,67121.45,67791.99,2061.49126,67315.70243790725,67284.21343950997,,0.0,0.0,1.0
2024-10-27 16:00:00+00:00,67792.0,68000.0,67540.88,67850.0,1636.67932,67449.27682843045,67347.07861289775,,0.0,0.0,
2024-10-27 20:00:00+00:00,67850.0,68332.05,67688.09,68021.7,2210.6016,67592.38262132283,67422.036544798,,0.0,0.0,
2024-10-28 00:00:00+00:00,68021.69,68116.78,67677.77,67727.59,1748.50819,67626.18446599212,67455.98692870933,,0.0,0.0,
2024-10-28 04:00:00+00:00,67727.59,68680.0,67618.0,68415.52,3228.44557,67823.51834949409,67562.6017144083,,67618.0,0.0,
2024-10-28 08:00:00+00:00,68415.52,68833.57,68238.81,68753.78,2668.85534,68056.08376212057,67694.95485725183,,0.0,0.0,
2024-10-28 12:00:00+00:00,68753.78,69280.0,68426.67,68494.2,7619.52629,68165.61282159043,67783.75987311274,,0.0,0.0,
2024-10-28 16:00:00+00:00,68494.2,69900.0,68452.54,69629.98,7959.90622,68531.70461619282,67988.89544276688,,0.0,0.0,
2024-10-28 20:00:00+00:00,69629.99,70270.0,69427.79,69962.21,5821.51298,68889.33096214461,68208.15261579279,,0.0,0.0,
2024-10-29 00:00:00+00:00,69962.21,71587.88,69760.0,70938.14,9260.69533,69401.53322160846,68511.48454737136,,0.0,71587.88,
2024-10-29 04:00:00+00:00,70938.15,71370.0,70837.83,71017.97,5390.71759,69805.64241620635,68789.98293099678,,0.0,0.0,
2024-10-29 08:00:00+00:00,71017.96,71578.95,70974.0,71452.01,4333.82377,70217.23431215476,69085.76371644158,,0.0,0.0,
2024-10-29 12:00:00+00:00,71452.02,72429.99,70929.0,72402.01,11510.0098,70763.42823411607,69454.23552572585,,0.0,0.0,
2024-10-29 16:00:00+00:00,72402.0,73620.12,72350.7,72536.16,14375.99601,71206.61117558705,69796.67157842297,,0.0,73620.12,
2024-10-29 20:00:00+00:00,72536.38,72978.9,71864.65,72736.42,5257.36344,71589.06338169028,70123.31029193153,,0.0,0.0,
2024-10-30 00:00:00+00:00,72736.41,72785.72,72000.01,72234.0,3553.7595,71750.29753626771,70357.8313706058,,0.0,0.0,
2024-10-30 04:00:00+00:00,72234.0,72610.0,72100.0,72227.99,3065.87039,71869.72065220078,70565.62677387182,,0.0,0.0,
2024-10-30 08:00:00+00:00,72227.99,72604.97,71926.82,71983.99,3249.22754,71898.28798915059,70723.22268788605,,0.0,0.0,
2024-10-30 12:00:00+00:00,71984.0,72470.0,71436.0,72061.34,7786.81964,71939.05099186294,70871.90238923204,,71436.0,0.0,
2024-10-30 16:00:00+00:00,72061.34,72197.5,71641.77,71822.01,3301.81939,71909.7907438972,70977.46990153959,,0.0,0.0,
2024-10-30 20:00:00+00:00,71822.01,72961.0,71644.19,72344.74,5928.4941,72018.5280579229,71129.38880136852,,0.0,72961.0,
2024-10-31 00:00:00+00:00,72344.75,72599.99,72030.08,72353.74,2955.82677,72102.33104344217,71265.42782343869,,0.0,0.0,
2024-10-31 04:00:00+00:00,72353.75,72478.0,72150.0,72417.19,2300.55532,72181.04578258163,71393.40139861217,,0.0,0.0,
2024-10-31 08:00:00+00:00,72417.19,72700.0,72149.79,72226.0,3129.22143,72192.28433693622,71485.91235432193,,0.0,72700.0,
2024-10-31 12:00:00+00:00,72226.0,72276.0,70431.77,70620.0,10391.35314,71799.21325270217,71389.69987050838,,0.0,0.0,
2024-10-31 16:00:00+00:00,70620.01,70949.51,70036.0,70092.07,5987.52232,71372.42743952663,71245.51877378522,,0.0,0.0,
2024-10-31 20:00:00+00:00,70092.07,70654.76,69685.76,70292.01,4587.62399,71102.32307964496,71139.57335447575,,0.0,0.0,
2024-11-01 00:00:00+00:00,70292.01,70470.0,68830.0,69369.99,6736.08255,70669.23980973373,70942.95298175623,,68830.0,0.0,
2024-11-01 04:00:00+00:00,69369.99,69699.14,69080.0,69273.7,3840.13342,70320.35485730029,70757.48042822776,,0.0,0.0,
2024-11-01 08:00:00+00:00,69273.7,70228.0,69237.26,70002.01,4258.62726,70240.76864297522,70673.53926953579,,0.0,0.0,
2024-11-01 12:00:00+00:00,70002.01,71632.95,69044.0,69387.77,12583.25292,70027.51898223141,70530.67601736514,,0.0,71632.95,
2024-11-01 16:00:00+00:00,69387.78,70515.16,68820.14,69268.0,8722.26319,69837.63923667357,70390.37868210235,,68820.14,0.0,
2024-11-01 20:00:00+00:00,69268.0,69627.0,68854.5,69496.01,2161.50821,69752.23192750517,70291.00438409098,,0.0,0.0,
2024-11-02 00:00:00+00:00,69496.0,69914.37,69479.91,69599.99,1888.97948,69714.17144562888,70214.22500808087,,0.0,0.0,
2024-11-02 04:00:00+00:00,69599.99,69823.94,69446.0,69813.91,1298.14761,69739.10608422165,70169.74556273855,,0.0,0.0,
2024-11-02 08:00:00+00:00,69813.91,69838.62,69417.88,69608.0,1279.6003,69706.32956316625,70107.32938910094,,0.0,0.0,
2024-11-02 12:00:00+00:00,69608.0,69711.59,69000.14,69393.17,3365.13104,69628.03967237468,70027.9783458675,,69000.14,0.0,
2024-11-02 16:00:00+00:00,69393.18,69616.0,69215.0,69510.0,1553.51785,69598.52975428101,69970.42519632666,,0.0,0.0,
2024-11-02 20:00:00+00:00,69510.0,69571.99,69149.0,69374.74,1136.29615,69542.58231571077,69904.23795229036,,0.0,0.0,
2024-11-03 00:00:00+00:00,69374.74,69391.0,67864.16,68379.89,5846.4092,69251.90923678307,69734.86595759144,,67864.16,0.0,
2024-11-03 04:00:00+00:00,68379.9,68771.58,68303.99,68397.42,1961.6419,69038.28692758731,69586.26085119239,,0.0,0.0,
2024-11-03 08:00:00+00:00,68397.42,68603.58,68200.01,68358.86,2460.80349,68868.43019569048,69449.88297883768,,0.0,0.0,
2024-11-03 12:00:00+00:00,68358.86,68560.0,67478.73,68090.9,6042.77974,68674.04764676787,69298.88487007793,,67478.73,0.0,
2024-11-03 16:00:00+00:00,68090.91,68693.81,67667.21,68679.0,4811.23179,68675.2857350759,69230.0087734026,,0.0,0.0,
2024-11-03 20:00:00+00:00,68679.0,69358.0,68492.82,68775.99,3872.83631,68700.46180130693,69179.56224302454,,0.0,0.0,
2024-11-04 00:00:00+00:00,68775.99,69500.0,68240.61,69047.86,3531.81884,68787.31135098019,69164.92866046626,,0.0,69500.0,
2024-11-04 04:00:00+00:00,69047.86,69401.55,68618.0,68618.0,2753.25815,68744.98351323514,69104.15880930335,,0.0,0.0,
2024-11-04 08:00:00+00:00,68618.0,69036.0,68470.0,68792.71,3061.68173,68756.91513492636,69069.55338604742,,0.0,0.0,
2024-11-04 12:00:00+00:00,68792.72,69264.52,68202.99,68646.01,6502.898,68729.18885119476,69022.49300981993,,0.0,0.0,
2024-11-04 16:00:00+00:00,68646.01,68814.32,67251.5,67856.0,7022.60435,68510.89163839607,68892.88267539549,,0.0,0.0,
2024-11-04 20:00:00+00:00,67856.01,68106.07,66835.0,67850.01,6928.1308,68345.67122879706,68777.00793368489,,66835.0,0.0,
2024-11-05 00:00:00+00:00,67850.01,68255.0,67476.63,68243.0,3631.30352,68320.0034215978,68717.673718831,,0.0,0.0,
2024-11-05 04:00:00+00:00,68243.01,68976.0,68218.51,68893.99,3527.68448,68463.50006619835,68737.26441673868,,0.0,0.0,
2024-11-05 08:00:00+00:00,68894.0,69100.0,68615.11,68810.03,3105.13722,68550.13254964876,68745.34948154549,,0.0,0.0,
2024-11-05 12:00:00+00:00,68810.03,70325.06,68666.0,69639.99,9273.82987,68822.59691223656,68844.75398359599,,0.0,0.0,
2024-11-05 16:00:00+00:00,69640.0,70577.91,68732.77,68995.99,8251.89006,68865.94518417743,68861.55798541867,,0.0,0.0,1.0
2024-11-05 20:00:00+00:00,68995.99,69898.02,68786.91,69372.01,5565.22373,68992.46138813307,68918.2748759277,,0.0,0.0,
2024-11-06 00:00:00+00:00,69372.01,75000.0,69298.0,74348.53,29431.196937,70331.4785410998,69521.63655638018,,0.0,0.0,
2024-11-06 04:00:00+00:00,74348.53,75407.1,72727.0,73370.89,26064.898021,71091.33140582485,69949.33138344905,,0.0,75407.1,
2024-11-06 08:00:00+00:00,73370.89,74475.47,72656.31,74272.01,13990.39249,71886.50105436864,70429.62900751027,,0.0,0.0,
2024-11-06 12:00:00+00:00,74272.0,74757.58,73488.0,74298.0,13980.04537,72489.37579077648,70859.4480066758,,0.0,0.0,
2024-11-06 16:00:00+00:00,74297.99,75850.0,74150.0,75823.55,11500.391072,73322.91934308237,71411.01489482293,,0.0,0.0,
2024-11-06 20:00:00+00:00,75823.55,76400.0,75507.1,75571.99,9160.070897,73885.18700731178,71873.34546206483,,0.0,76400.0,
2024-11-07 00:00:00+00:00,75571.99,76022.79,75003.83,75048.01,7170.25219,74175.89275548383,72226.08596627985,,0.0,0.0,
2024-11-07 04:00:00+00:00,75048.01,75048.01,74416.0,74757.58,5435.11503,74321.31456661287,72507.36308113764,,74416.0,0.0,
2024-11-07 08:00:00+00:00,74757.58,75150.11,74649.54,74746.0,3766.42463,74427.48592495965,72756.10051656679,,0.0,0.0,
2024-11-07 12:00:00+00:00,74745.99,76059.69,74512.19,76059.69,7599.95,74835.53694371974,73123.16601472604,,0.0,0.0,
2024-11-07 16:00:00+00:00,76059.68,76718.99,75555.17,76530.39,13850.283425,75259.2502077898,73501.74645753426,,0.0,0.0,
2024-11-07 20:00:00+00:00,76530.4,76849.99,75494.0,75857.89,7047.39707,75408.91015584234,73763.5401844749,,0.0,76849.99,
2024-11-08 00:00:00+00:00,75857.89,76358.0,75555.0,75890.79,4416.57747,75529.38011688176,73999.90127508879,,0.0,0.0,
2024-11-08 04:00:00+00:00,75890.79,76220.0,75686.0,76148.49,5001.36124,75684.15758766132,74238.63335563448,,0.0,0.0,
2024-11-08 08:00:00+00:00,76148.49,76320.0,75760.0,75934.46,3321.2486,75746.73319074599,74427.05853834176,,0.0,0.0,
2024-11-08 12:00:00+00:00,75934.47,76584.6,75630.76,76427.72,9261.36209,75916.9798930595,74649.35425630379,,75630.76,0.0,
2024-11-08 16:00:00+00:00,76427.72,77199.99,75822.07,76912.58,9446.863703,76165.87991979462,74900.82378338114,,0.0,77199.99,
2024-11-08 20:00:00+00:00,76912.58,77097.0,76300.23,76509.78,5073.68648,76251.85493984597,75079.59669633879,,0.0,0.0,
2024-11-09 00:00:00+00:00,76509.78,76639.84,76136.0,76341.47,2498.29713,76274.25870488447,75219.80484119004,,0.0,0.0,
2024-11-09 04:00:00+00:00,76341.47,76795.69,76294.0,76529.08,2824.88315,76337.96402866335,75365.2798588356,,0.0,0.0,
2024-11-09 08:00:00+00:00,76529.07,76735.59,76358.91,76487.11,1956.64753,76375.25052149751,75489.92765229831,,0.0,0.0,
2024-11-09 12:00:00+00:00,76487.11,76541.53,76272.72,76319.9,2576.33768,76361.41289112312,75582.14680204295,,0.0,0.0,
2024-11-09 16:00:00+00:00,76319.91,76700.0,75714.66,76204.92,3958.68374,76322.28966834235,75651.34382403818,,75714.66,0.0,
2024-11-09 20:00:00+00:00,76204.91,76900.0,76179.0,76677.46,3127.22992,76411.08225125677,75765.35673247838,,0.0,0.0,
2024-11-10 00:00:00+00:00,76677.46,77498.0,76492.0,77205.96,6237.464965,76609.80168844257,75925.423762203,,0.0,0.0,
2024-11-10 04:00:00+00:00,77205.97,79788.96,77138.0,78832.37,15561.725502,77165.44376633193,76248.4177886249,,0.0,0.0,
2024-11-10 08:00:00+00:00,78832.36,80040.0,78832.36,79844.01,7359.556072,77835.08532474894,76647.92803433324,,0.0,0.0,
2024-11-10 12:00:00+00:00,79844.0,80080.0,79200.0,79694.03,9016.63483,78299.8214935617,76986.3838082962,,0.0,0.0,
2024-11-10 16:00:00+00:00,79694.03,81069.99,79324.59,79748.99,11314.767361,78662.11362017128,77293.34005181884,,0.0,0.0,
2024-11-10 20:00:00+00:00,79748.99,81500.0,78473.13,80370.01,12339.951705,79089.08771512847,77635.19226828341,,78473.13,0.0,
2024-11-11 00:00:00+00:00,80370.01,81846.71,80216.01,81612.23,7866.798202,79719.87328634635,78077.08534958525,,0.0,0.0,
2024-11-11 04:00:00+00:00,81612.23,81727.47,80432.0,81109.1,6018.85178,80067.17996475977,78413.975866298,,0.0,0.0,
2024-11-11 08:00:00+00:00,81109.11,82380.94,81023.29,82134.0,8046.625461,80583.88497356983,78827.31188115379,,0.0,0.0,
2024-11-11 12:00:00+00:00,82133.99,84263.51,81460.19,84059.54,17558.062176,81452.79873017737,79408.67056102559,,0.0,0.0,
2024-11-11 16:00:00+00:00,84059.53,86650.0,83831.84,86102.21,19271.655334,82615.15154763302,80152.39716535607,,0.0,0.0,
2024-11-11 20:00:00+00:00,86102.21,89530.54,86052.0,88647.99,23561.672823,84123.36116072477,81096.35192476095,,0.0,0.0,
2024-11-12 00:00:00+00:00,88648.0,89470.0,86561.35,88047.46,19452.23586,85104.38587054359,81868.69726645418,,0.0,0.0,
2024-11-12 04:00:00+00:00,88047.45,89940.0,87700.0,88983.35,13408.122211,86074.1269029077,82659.21423684816,,0.0,89940.0,
2024-11-12 08:00:00+00:00,88983.35,89372.0,85229.0,87155.55,21526.29235,86344.48267718077,83158.80709942059,,0.0,0.0,
2024-11-12 12:00:00+00:00,87155.55,87860.0,85072.0,86632.0,19109.59223,86416.36200788557,83544.71742170719,,85072.0,0.0,
2024-11-12 16:00:00+00:00,86632.0,89764.38,85730.35,88704.28,14486.43433,86988.34150591418,84118.00215262861,,0.0,0.0,
2024-11-12 20:00:00+00:00,88704.28,89876.94,87379.59,87952.01,9317.21093,87229.25862943564,84544.00302455877,,0.0,89876.94,
2024-11-13 00:00:00+00:00,87952.0,88562.94,87004.0,87136.0,10008.6189,87205.94397207673,84832.00268849668,,0.0,0.0,
2024-11-13 04:00:00+00:00,87136.0,87692.69,86127.99,87356.0,9544.53162,87243.45797905754,85112.44683421927,,86127.99,0.0,
2024-11-13 08:00:00+00:00,87356.01,88083.0,87082.42,87669.39,6000.39557,87349.94098429315,85396.55163041713,,0.0,0.0,
2024-11-13 12:00:00+00:00,87669.4,92690.0,87502.49,92540.01,25126.849483,88647.45823821986,86190.26922703745,,0.0,0.0,
2024-11-13 16:00:00+00:00,92540.0,93265.64,89969.87,90193.51,22766.283954,89033.97117866488,86635.07375736663,,0.0,93265.64,
2024-11-13 20:00:00+00:00,90193.5,91184.02,87970.98,90375.2,13317.1746,89369.27838399867,87050.64333988144,,0.0,0.0,
2024-11-14 00:00:00+00:00,90375.21,90566.0,89458.13,89937.02,7354.10555,89511.213787999,87371.35185767239,,0.0,0.0,
2024-11-14 04:00:00+00:00,89937.03,90850.0,89104.54,90769.42,6197.35157,89825.76534099925,87748.91498459768,,0.0,0.0,
2024-11-14 08:00:00+00:00,90769.42,91657.77,90329.8,91491.86,8132.00542,90242.28900574944,88164.79776408682,,0.0,0.0,
2024-11-14 12:00:00+00:00,91491.85,91790.0,87829.57,87947.99,15118.0437,89668.71425431207,88140.70801252162,,0.0,91790.0,
2024-11-14 16:00:00+00:00,87947.99,89775.24,87526.74,89463.99,8531.95926,89617.53319073406,88287.73934446365,,0.0,0.0,
2024-11-14 20:00:00+00:00,89463.99,89464.0,86668.21,87325.59,11396.04536,89044.54739305054,88180.83386174547,,86668.21,0.0,
2024-11-15 00:00:00+00:00,87325.59,88473.7,87252.0,88218.21,6032.5219,88837.9630447879,88184.98676599597,,0.0,0.0,
2024-11-15 04:00:00+00:00,88218.22,88391.99,87073.38,87612.0,6883.97605,88531.47228359093,88121.3215697742,,0.0,0.0,
2024-11-15 08:00:00+00:00,87612.01,89771.99,87368.0,89741.25,6640.4585,88833.9167126932,88301.31361757706,,0.0,0.0,
2024-11-15 12:00:00+00:00,89741.24,90709.74,87754.45,88445.41,11903.82559,88736.7900345199,88317.32432673516,,0.0,0.0,
2024-11-15 16:00:00+00:00,88445.4,90844.9,88386.99,90377.89,8672.84127,89147.06502588993,88546.27606820903,,0.0,0.0,
2024-11-15 20:00:00+00:00,90377.89,91850.0,90324.85,91032.07,7794.32737,89618.31626941744,88822.47539396358,,0.0,91850.0,
2024-11-16 00:00:00+00:00,91032.08,91709.06,90850.0,91252.03,4249.95392,90026.74470206308,89092.4259057454,,0.0,0.0,
2024-11-16 04:00:00+00:00,91252.04,91779.66,91064.24,91117.53,3028.27512,90299.44102654731,89317.4374717737,,0.0,0.0,
2024-11-16 08:00:00+00:00,91117.52,91598.13,90993.15,91169.69,3972.70297,90517.00326991049,89523.24330824328,,0.0,0.0,
2024-11-16 12:00:00+00:00,91169.69,91320.0,90056.17,90521.2,5422.19653,90518.05245243286,89634.12738510514,,90056.17,0.0,
2024-11-16 16:00:00+00:00,90521.2,91396.03,90186.64,91100.24,3466.38119,90663.59933932465,89797.02878676013,,0.0,0.0,
2024-11-16 20:00:00+00:00,91100.23,91181.82,90300.0,90586.92,2578.36716,90644.42950449348,89884.79447712011,,0.0,0.0,
2024-11-17 00:00:00+00:00,90587.98,90888.0,89364.0,90247.86,4950.72397,90545.28712837011,89925.13509077343,,89364.0,0.0,
2024-11-17 04:00:00+00:00,90247.86,90888.0,90158.56,90550.8,2974.11564,90546.66534627759,89994.65341402082,,0.0,0.0,
2024-11-17 08:00:00+00:00,90550.8,91449.99,90478.99,90684.19,3929.09518,90581.04650970819,90071.26859024074,,0.0,91449.99,
2024-11-17 12:00:00+00:00,90684.19,91189.88,89925.91,90260.01,4166.81415,90500.78738228114,90092.23985799176,,0.0,0.0,
2024-11-17 16:00:00+00:00,90260.01,90640.18,89664.34,90044.0,3112.39163,90386.59053671085,90086.87987377046,,0.0,0.0,
2024-11-17 20:00:00+00:00,90044.0,90212.13,88722.0,89855.99,4734.41552,90253.94040253313,90061.22544335152,,88722.0,0.0,
2024-11-18 00:00:00+00:00,89855.98,90935.44,89617.96,90668.58,3252.23252,90357.60030189985,90128.70928297912,,0.0,0.0,
2024-11-18 04:00:00+00:00,90668.58,92300.0,90438.85,91719.9,6378.66485,90698.17522642488,90305.508251537,,0.0,0.0,
2024-11-18 08:00:00+00:00,91719.9,92211.99,90051.1,90275.13,6488.59666,90592.41391981866,90302.13289025512,,0.0,0.0,
2024-11-18 12:00:00+00:00,90275.13,92594.0,89376.9,92309.51,12873.97296,91021.687939864,90525.17479133788,,89376.9,92594.0,
2024-11-18 16:00:00+00:00,92309.51,92584.95,89667.66,90608.26,9954.79626,90918.330954898,90534.40648118923,,0.0,0.0,
2024-11-18 20:00:00+00:00,90608.26,91980.0,90224.02,90464.08,7596.77123,90804.7682161735,90526.59242772376,,0.0,0.0,
2024-11-19 00:00:00+00:00,90464.07,91529.0,90357.0,91428.0,3575.26612,90960.57616213012,90626.74882464335,,0.0,0.0,
2024-11-19 04:00:00+00:00,91428.0,92000.0,91238.09,91620.01,3893.80469,91125.43462159758,90737.11117746076,,0.0,0.0,
2024-11-19 08:00:00+00:00,91620.0,91950.0,91200.0,91652.02,3730.94665,91257.08096619819,90838.76771329845,,0.0,0.0,
2024-11-19 12:00:00+00:00,91652.01,92788.0,90975.8,92391.99,13823.62822,91540.80822464864,91011.34796737641,,90975.8,0.0,
2024-11-19 16:00:00+00:00,92391.99,93905.51,92147.12,93227.87,11450.7773,91962.57366848648,91257.62819322347,,0.0,93905.51,
2024-11-19 20:00:00+00:00,93227.87,93571.08,91320.0,92310.79,7185.62384,92049.62775136487,91374.6461717542,,0.0,0.0,
2024-11-20 00:00:00+00:00,92310.8,92418.68,91500.0,92039.99,4096.22399,92047.21831352366,91448.57326378151,,0.0,0.0,
2024-11-20 04:00:00+00:00,92039.99,92851.09,91850.0,92850.38,3477.17855,92248.00873514274,91604.32956780579,,0.0,0.0,
2024-11-20 08:00:00+00:00,92850.38,93669.98,92720.0,93454.65,6216.74888,92549.66905135705,91809.92072693848,,0.0,0.0,
2024-11-20 12:00:00+00:00,93454.65,94807.62,93314.49,94739.97,12702.544432,93097.24428851779,92135.48175727864,,0.0,0.0,
2024-11-20 16:00:00+00:00,94739.98,94831.97,93138.0,94000.0,10761.1069,93322.93321638834,92342.65045091434,,0.0,0.0,
2024-11-20 20:00:00+00:00,94000.0,94599.98,93770.07,94286.56,4949.39596,93563.83991229125,92558.64040081274,,0.0,0.0,
2024-11-21 00:00:00+00:00,94286.56,95904.0,94040.0,95798.12,9339.057505,94122.40993421843,92918.58257850021,,0.0,0.0,
2024-11-21 04:00:00+00:00,95798.12,97852.0,95798.11,96912.01,13220.183819,94819.80995066382,93362.29673644462,,0.0,0.0,
2024-11-21 08:00:00+00:00,96912.01,98384.86,96723.96,97974.99,10048.90103,95608.60496299787,93874.818210173,,0.0,0.0,
2024-11-21 12:00:00+00:00,97975.0,98250.0,95600.0,96672.0,16850.11898,95874.4537222484,94185.61618682045,,95600.0,0.0,
2024-11-21 16:00:00+00:00,96672.0,98988.0,96276.69,97829.83,13009.781133,96363.2977916863,94590.5288327293,,0.0,0.0,
2024-11-21 20:00:00+00:00,97829.84,98723.65,97533.18,98317.12,6760.31801,96851.75334376472,95004.59451798159,,0.0,0.0,
2024-11-22 00:00:00+00:00,98317.12,99299.99,97840.0,98836.5,7532.474903,97347.94000782355,95430.36179376142,,0.0,0.0,
2024-11-22 04:00:00+00:00,98836.49,99419.99,98517.21,99173.7,6632.8656,97804.38000586766,95846.28826112126,,0.0,99419.99,
2024-11-22 08:00:00+00:00,99173.7,99267.19,98219.84,98870.38,6290.74803,98070.88000440074,96182.29845433001,,0.0,0.0,
2024-11-22 12:00:00+00:00,98870.39,98949.0,97122.11,98664.0,11263.93551,98219.16000330055,96458.04307051556,,97122.11,0.0,
2024-11-22 16:00:00+00:00,98663.99,99588.01,98220.0,99079.74,9541.05621,98434.30500247542,96749.34272934716,,0.0,99588.01,
2024-11-22 20:00:00+00:00,99079.74,99449.0,98535.0,98892.0,4928.22899,98548.72875185657,96987.4157594197,,0.0,0.0,
2024-11-23 00:00:00+00:00,98892.0,98908.85,98300.0,98666.67,3918.314,98578.21406389243,97173.99956392862,,0.0,0.0,
2024-11-23 04:00:00+00:00,98666.66,98800.0,98284.61,98560.85,3360.38068,98573.87304791933,97328.09405682544,,98284.61,0.0,
2024-11-23 08:00:00+00:00,98560.84,98623.76,98300.0,98429.99,3176.75105,98537.9022859395,97450.5269394004,,0.0,0.0,
2024-11-23 12:00:00+00:00,98430.0,98847.68,98400.0,98400.0,4138.68982,98503.42671445463,97556.02394613369,,0.0,98847.68,
2024-11-23 16:00:00+00:00,98400.01,98459.56,97336.06,97504.0,7486.78427,98253.57003584097,97550.24350767439,,0.0,0.0,
2024-11-23 20:00:00+00:00,97504.0,98015.82,97136.0,97672.4,2676.92385,98108.27752688073,97563.81645126612,,97136.0,0.0,
2024-11-24 00:00:00+00:00,97672.4,98564.0,97620.74,98200.1,3989.58138,98131.23314516054,97634.51462334766,,0.0,98564.0,
2024-11-24 04:00:00+00:00,98200.1,98431.06,97872.2,98431.05,3583.35015,98206.1873588704,97723.01855408681,,0.0,0.0,
2024-11-24 08:00:00+00:00,98431.05,98472.98,97239.29,97280.03,3606.92172,97974.64801915281,97673.79760363272,,0.0,0.0,
2024-11-24 12:00:00+00:00,97280.04,97606.52,95900.01,95901.51,9382.31921,97456.36351436461,97476.87675878464,,0.0,0.0,
2024-11-24 16:00:00+00:00,95901.52,96747.98,95734.77,96320.02,5662.8696,97172.27763577345,97348.33711891968,,95734.77,0.0,
2024-11-24 20:00:00+00:00,96320.01,98369.46,96195.47,97900.04,4975.93632,97354.2182268301,97409.63743903971,,0.0,0.0,
2024-11-25 00:00:00+00:00,97900.05,98050.0,96888.0,97898.8,3838.26336,97490.36367012258,97463.98883470196,,0.0,0.0,1.0
2024-11-25 04:00:00+00:00,97898.81,98376.99,97491.66,98047.34,5230.71565,97629.60775259192,97528.80563084618,,0.0,0.0,
2024-11-25 08:00:00+00:00,98047.34,98871.8,97850.0,98188.09,5195.73129,97769.22831444394,97602.05944964105,,0.0,98871.8,
2024-11-25 12:00:00+00:00,98188.09,98313.08,94525.0,96000.56,14345.48831,97327.06123583295,97424.1150663476,,0.0,0.0,
2024-11-25 16:00:00+00:00,96000.57,96500.0,94400.0,94669.48,10283.14008,96662.66592687472,97118.04450342008,,0.0,0.0,
2024-11-25 20:00:00+00:00,94669.49,95300.0,92600.19,93010.01,11954.11227,95749.50194515604,96661.5962252623,,92600.19,0.0,
2024-11-26 00:00:00+00:00,93010.01,94923.69,92727.9,94464.0,6245.66011,95428.12645886703,96417.41886689982,,0.0,0.0,
2024-11-26 04:00:00+00:00,94464.0,94973.37,93500.08,93785.71,4722.02616,95017.52234415027,96125.00677057762,,0.0,0.0,
2024-11-26 08:00:00+00:00,93785.72,93785.72,91466.52,92356.85,13592.93588,94352.35425811271,95706.32268495788,,91466.52,0.0,
2024-11-26 12:00:00+00:00,92356.84,93559.0,91739.7,92813.0,13179.13015,93967.51569358453,95384.84238662923,,0.0,0.0,
2024-11-26 16:00:00+00:00,92812.99,94685.6,91554.11,91683.89,10628.56926,93396.6092701884,94973.62545478153,,0.0,94685.6,
2024-11-26 20:00:00+00:00,91683.9,92364.0,90791.1,91965.16,9490.40982,93038.7469526413,94639.35151536137,,90791.1,0.0,
2024-11-27 00:00:00+00:00,91965.16,93037.38,91792.14,92588.0,5555.58018,92926.06021448098,94411.4235692101,,0.0,0.0,
2024-11-27 04:00:00+00:00,92588.0,93648.0,92361.66,93597.16,4840.27212,93093.83516086073,94320.94983929787,,0.0,0.0,
2024-11-27 08:00:00+00:00,93597.16,93885.6,93109.12,93367.99,3994.01189,93162.37387064555,94215.06541270921,,0.0,0.0,
2024-11-27 12:00:00+00:00,93367.99,95850.0,92847.84,95556.01,9868.59893,93760.78290298415,94364.05925574152,,0.0,0.0,
2024-11-27 16:00:00+00:00,95556.0,96631.68,95184.79,96627.99,9525.88556,94477.58467723812,94615.60711621468,,0.0,0.0,
2024-11-27 20:00:00+00:00,96627.99,97208.21,95731.72,95863.11,7369.07866,94823.9660079286,94754.21854774638,,0.0,97208.21,1.0
2024-11-28 00:00:00+00:00,95863.11,96564.0,94822.54,95471.43,6275.70277,94985.83200594645,94833.9087091079,,0.0,0.0,
2024-11-28 04:00:00+00:00,95471.44,95922.39,95063.15,95299.66,5014.99892,95064.28900445983,94885.65885254035,,0.0,0.0,
2024-11-28 08:00:00+00:00,95299.66,95780.0,94640.0,95452.01,4752.0259,95161.21925334487,94948.58675781364,,94640.0,0.0,
2024-11-28 12:00:00+00:00,95452.0,96221.8,94900.0,95007.14,5548.28802,95122.69944000866,94955.09267361212,,0.0,96221.8,
2024-11-28 16:00:00+00:00,95007.15,95435.68,94817.0,95119.48,3678.82621,95121.89458000648,94973.35793209967,,0.0,0.0,
2024-11-28 20:00:00+00:00,95119.48,96023.48,94698.0,95643.98,3544.70175,95252.41593500486,95047.8714951997,,94698.0,0.0,
2024-11-29 00:00:00+00:00,95643.99,96859.0,95364.99,96590.36,3208.77651,95586.90195125365,95219.25910684417,,0.0,0.0,
2024-11-29 04:00:00+00:00,96590.35,96630.09,95600.03,95625.05,2916.98299,95596.43896344023,95264.34698386148,,0.0,0.0,
2024-11-29 08:00:00+00:00,95625.05,97358.21,95616.0,97237.91,4164.43477,96006.80672258018,95483.63176343244,,0.0,0.0,
2024-11-29 12:00:00+00:00,97237.91,98619.99,96768.0,98019.47,8857.57633,96509.97254193513,95765.3915674955,,0.0,98619.99,
2024-11-29 16:00:00+00:00,98019.46,98440.0,96853.82,97329.73,5993.35722,96714.91190645135,95939.2069488849,,0.0,0.0,
2024-11-29 20:00:00+00:00,97329.73,97624.62,96981.01,97460.0,2560.65449,96901.18392983852,96108.18395456435,,0.0,0.0,
2024-11-30 00:00:00+00:00,97460.0,97463.95,96309.85,96640.02,3052.5744,96835.89294737889,96167.27684850164,,0.0,0.0,
2024-11-30 04:00:00+00:00,96640.02,97234.02,96532.7,96783.38,3397.39114,96822.76471053416,96235.73275422369,,0.0,0.0,
2024-11-30 08:00:00+00:00,96783.38,96968.78,96092.01,96267.99,2445.61538,96684.07103290063,96239.31689264328,,96092.01,0.0,
2024-11-30 12:00:00+00:00,96267.99,96732.15,96242.14,96645.41,2060.42388,96674.40577467547,96284.43834901626,,0.0,0.0,
2024-11-30 16:00:00+00:00,96645.42,97062.5,96531.35,97019.68,1822.59102,96760.7243310066,96366.13186579222,,0.0,97062.5,
2024-11-30 20:00:00+00:00,97019.69,97040.0,96320.99,96407.99,1725.23724,96672.54074825495,96370.78276959309,,0.0,0.0,
2024-12-01 00:00:00+00:00,96407.99,96672.49,95693.88,96336.75,3622.03491,96588.5930611912,96367.00135074941,,95693.88,0.0,
2024-12-01 04:00:00+00:00,96336.76,96515.52,96195.99,96472.97,1284.90142,96559.68729589341,96378.7756451106,,0.0,0.0,
2024-12-01 08:00:00+00:00,96472.97,97179.04,96424.99,97108.89,2803.36709,96696.98797192005,96459.89946232054,,0.0,0.0,
2024-12-01 12:00:00+00:00,97108.89,97388.78,96660.88,97028.02,3260.08114,96779.74597894005,96523.02396650714,,0.0,0.0,
2024-12-01 16:00:00+00:00,97028.02,97523.41,96958.48,97178.73,2968.12339,96879.49198420503,96595.88019245079,,0.0,0.0,
2024-12-01 20:00:00+00:00,97178.73,97836.0,96800.01,97185.18,3000.09657,96955.91398815377,96661.35794884514,,0.0,0.0,
2024-12-02 00:00:00+00:00,97185.17,98130.0,96350.0,96483.75,5392.949,96837.87299111532,96641.62373230679,,0.0,98130.0,
2024-12-02 04:00:00+00:00,96483.75,96924.0,95749.97,95999.99,5378.4519,96628.40224333649,96570.33109538381,,0.0,0.0,
2024-12-02 08:00:00+00:00,95999.99,96112.0,94820.41,95128.68,6299.85507,96253.47168250236,96410.14764034117,,0.0,0.0,
2024-12-02 12:00:00+00:00,95128.67,97214.77,94766.0,97048.0,8297.68046,96452.10376187677,96481.02012474771,,0.0,0.0,
2024-12-02 16:00:00+00:00,97048.01,97356.69,94395.0,95816.0,8796.99302,96293.07782140758,96407.12899977574,,94395.0,97356.69,
2024-12-02 20:00:00+00:00,95816.01,96327.87,95112.01,95840.62,3792.74036,96179.96336605569,96344.18355535621,,0.0,0.0,
2024-12-03 00:00:00+00:00,95840.61,96305.52,95400.0,96079.36,3671.38924,96154.81252454176,96314.75871587219,,0.0,0.0,
2024-12-03 04:00:00+00:00,96079.36,96238.1,95277.35,95550.0,3510.45774,96003.60939340632,96229.78552521972,,0.0,0.0,
2024-12-03 08:00:00+00:00,95550.0,95662.94,94595.38,94988.01,4056.48891,95749.70954505473,96091.81046686198,,0.0,0.0,
2024-12-03 12:00:00+00:00,94988.0,96250.0,93578.17,95682.54,13543.07849,95732.91715879105,96046.33597054398,,93578.17,96250.0,
2024-12-03 16:00:00+00:00,95682.54,96169.99,94860.0,95428.6,5936.97324,95656.83786909329,95977.69864048353,,0.0,0.0,
2024-12-03 20:00:00+00:00,95428.61,96140.01,95272.5,95849.69,5108.93521,95705.05090181997,95963.47545820758,,0.0,0.0,
2024-12-04 00:00:00+00:00,95849.69,96614.16,95224.17,95770.32,4788.30848,95721.36817636498,95942.01374062896,,0.0,0.0,
2024-12-04 04:00:00+00:00,95770.32,96714.41,95717.54,96588.81,3607.43743,95938.22863227373,96013.87999167018,,0.0,0.0,
2024-12-04 08:00:00+00:00,96588.81,96950.0,96172.0,96190.41,3780.1103,96001.27397420531,96033.49443704016,,0.0,0.0,
2024-12-04 12:00:00+00:00,96190.41,96560.0,95352.41,95742.81,7959.19099,95936.65798065398,96001.19616625793,,0.0,0.0,
2024-12-04 16:00:00+00:00,95742.8,97232.01,94587.83,97209.64,9467.01122,96254.90348549049,96135.46770334039,,94587.83,0.0,1.0
2024-12-04 20:00:00+00:00,97209.64,99000.0,97128.52,98587.32,14248.47886,96838.00761411787,96407.89573630257,,0.0,0.0,
2024-12-05 00:00:00+00:00,98587.32,104088.0,97888.89,102964.0,29911.489432,98369.5057105884,97136.35176560229,,0.0,104088.0,
2024-12-05 04:00:00+00:00,102964.0,103544.71,101324.16,102236.1,14930.57327,99336.15428294131,97702.99045831314,,0.0,0.0,
2024-12-05 08:00:00+00:00,102236.1,103159.76,102236.1,102566.91,9004.86605,100143.84321220597,98243.42596294501,,0.0,0.0,
2024-12-05 12:00:00+00:00,102566.91,103550.0,100925.97,101292.01,15250.81785,100430.88490915448,98582.15752261778,,0.0,103550.0,
2024-12-05 16:00:00+00:00,101292.0,101999.0,98599.36,99028.0,14788.63995,100080.16368186586,98631.69557566025,,0.0,0.0,
2024-12-05 20:00:00+00:00,99028.01,99479.72,90500.0,96945.63,26035.34311,99296.5302613994,98444.35495614244,,90500.0,0.0,
2024-12-06 00:00:00+00:00,96945.63,98828.7,95981.72,97735.29,10502.77687,98906.22019604954,98365.5699610155,,0.0,0.0,
2024-12-06 04:00:00+00:00,97735.29,98288.0,97370.19,98138.54,4600.17485,98714.30014703715,98340.34440979155,,0.0,0.0,
2024-12-06 08:00:00+00:00,98138.53,98705.23,97622.86,98069.62,5508.51297,98553.13011027787,98310.26391981471,,0.0,0.0,
2024-12-06 12:00:00+00:00,98069.61,99483.81,97512.26,99309.99,9368.1804,98742.3450827084,98421.34459539085,,0.0,0.0,
2024-12-06 16:00:00+00:00,99310.0,101799.0,98762.6,101439.99,9652.35617,99416.7563120313,98756.74964034742,,0.0,0.0,
2024-12-06 20:00:00+00:00,101439.99,101898.99,99053.03,99740.84,5417.53184,99497.77723402347,98866.09301364215,,0.0,101898.99,
2024-12-07 00:00:00+00:00,99740.84,100428.0,99285.71,99299.63,2803.39835,99448.24042551761,98914.26378990413,,0.0,0.0,
2024-12-07 04:00:00+00:00,99299.64,99666.31,98844.0,99405.2,3254.00298,99437.48031913821,98968.81225769255,,98844.0,0.0,
2024-12-07 08:00:00+00:00,99405.2,99821.83,99260.0,99620.0,2290.29479,99483.11023935366,99041.16645128228,,0.0,0.0,
2024-12-07 12:00:00+00:00,99620.0,99800.0,99036.01,99756.01,2409.08289,99551.33517951524,99120.59351225091,,0.0,0.0,
2024-12-07 16:00:00+00:00,99756.0,100263.64,99460.37,100077.45,2257.58478,99682.86388463643,99226.91089977858,,0.0,0.0,
2024-12-07 20:00:00+00:00,100077.45,100439.18,99595.11,99831.99,1917.58211,99720.14541347732,99294.14191091429,,0.0,100439.18,
2024-12-08 00:00:00+00:00,99831.99,100328.88,99632.28,99934.82,1688.21452,99773.814060108,99365.32836525714,,0.0,0.0,
2024-12-08 04:00:00+00:00,99934.83,100030.0,99336.0,99675.11,1590.3559,99749.138045081,99399.74854689524,,0.0,0.0,
2024-12-08 08:00:00+00:00,99675.11,99844.28,98657.7,99701.16,2557.39593,99737.14353381074,99433.23870835132,,98657.7,0.0,
2024-12-08 12:00:00+00:00,99701.17,100500.0,99357.16,99912.01,3388.44325,99780.86015035806,99486.4355185345,,0.0,0.0,
2024-12-08 16:00:00+00:00,99912.01,100198.0,99480.0,100100.98,2219.63339,99860.89011276854,99554.71823869734,,0.0,0.0,
2024-12-08 20:00:00+00:00,100100.99,101351.0,99736.06,101109.59,3168.95389,100173.0650845764,99727.48176773098,,0.0,101351.0,
2024-12-09 00:00:00+00:00,101109.6,101215.93,98432.18,99090.84,6131.57247,99902.5088134323,99656.74379353864,,0.0,0.0,
2024-12-09 04:00:00+00:00,99090.84,99729.88,98328.0,99576.51,4641.05371,99821.00911007423,99647.8289275899,,0.0,0.0,
2024-12-09 08:00:00+00:00,99576.51,99679.71,98035.57,98088.47,5754.936,99387.87433255567,99474.56682452436,,0.0,0.0,
2024-12-09 12:00:00+00:00,98088.47,100421.8,97508.58,97812.0,10565.60263,98993.90574941675,99289.83717735499,,0.0,100421.8,
2024-12-09 16:00:00+00:00,97812.0,98398.0,97000.0,97070.32,7646.39206,98513.00931206257,99043.22415764887,,0.0,0.0,
2024-12-09 20:00:00+00:00,97070.33,97572.52,94150.05,97276.47,19209.55908,98203.87448404693,98846.91814013233,,94150.05,0.0,
2024-12-10 00:00:00+00:00,97276.48,98138.0,95565.41,96931.99,7967.90111,97885.9033630352,98634.14834678429,,0.0,0.0,
2024-12-10 04:00:00+00:00,96931.99,97519.2,95900.0,97196.44,4851.30267,97713.5375222764,98474.40297491937,,0.0,0.0,
2024-12-10 08:00:00+00:00,97196.44,97937.5,96938.19,97722.52,3732.90811,97715.7831417073,98390.86042215055,,0.0,0.0,
2024-12-10 12:00:00+00:00,97722.53,98270.0,95555.0,95658.79,11589.32855,97201.53485628047,98087.2970419116,,0.0,98270.0,
2024-12-10 16:00:00+00:00,95658.79,96500.0,94256.54,95856.5,17282.11364,96865.27614221035,97839.43070392142,,94256.54,0.0,
2024-12-10 20:00:00+00:00,95856.5,97200.7,95616.0,96593.0,6285.13525,96797.20710665776,97700.9384034857,,0.0,0.0,
2024-12-11 00:00:00+00:00,96593.0,97625.76,95658.24,97398.43,6101.81371,96947.51282999333,97667.32635865395,,0.0,0.0,
2024-12-11 04:00:00+00:00,97398.42,97790.36,97181.7,97334.6,2882.63101,97044.284622495,97630.35676324795,,0.0,0.0,
2024-12-11 08:00:00+00:00,97334.59,98472.57,97316.78,98292.61,3915.0582,97356.36596687125,97703.9404562204,,0.0,0.0,
2024-12-11 12:00:00+00:00,98292.61,100800.0,98072.33,100361.64,10646.28169,98107.68447515344,97999.24040552924,,0.0,0.0,1.0
2024-12-11 16:00:00+00:00,100361.64,101141.01,99608.23,101122.71,9214.79257,98861.44085636508,98346.29258269267,,0.0,0.0,
2024-12-11 20:00:00+00:00,101122.71,101888.0,100866.42,101125.0,4993.20573,99427.33064227381,98655.03785128237,,0.0,101888.0,
2024-12-12 00:00:00+00:00,101125.0,101829.0,100331.61,101025.87,4584.27765,99826.96548170535,98918.46364558433,,0.0,0.0,
2024-12-12 04:00:00+00:00,101025.88,101191.85,100402.82,100499.99,3018.02596,99995.22161127902,99094.18879607496,,0.0,0.0,
2024-12-12 08:00:00+00:00,100499.99,101126.54,100178.32,100358.42,2593.08394,100086.02120845926,99234.6589298444,,0.0,0.0,
2024-12-12 12:00:00+00:00,100358.42,101861.6,100348.35,101797.14,7527.72986,100513.80090634445,99519.37904875058,,0.0,0.0,
2024-12-12 16:00:00+00:00,101797.14,102540.0,99311.64,99481.32,7934.57131,100255.68067975834,99515.15026555606,,0.0,102540.0,
2024-12-12 20:00:00+00:00,99481.33,100476.19,99465.33,100004.29,3574.39873,100192.83300981876,99569.49912493872,,0.0,0.0,
2024-12-13 00:00:00+00:00,100004.29,100356.85,99205.0,99729.09,3169.68724,100076.89725736406,99587.23144438998,,99205.0,0.0,
2024-12-13 04:00:00+00:00,99729.09,100225.52,99500.0,100130.0,2722.44317,100090.17294302305,99647.53906167999,,0.0,0.0,
2024-12-13 08:00:00+00:00,100130.01,100789.0,99896.0,100353.37,2260.04806,100155.97220726729,99725.96472149332,,0.0,0.0,
2024-12-13 12:00:00+00:00,100353.37,101375.26,99700.0,99873.16,4395.11384,100085.26915545047,99742.3197524385,,0.0,0.0,
2024-12-13 16:00:00+00:00,99873.16,101895.26,99800.0,101462.34,6176.84479,100429.53686658785,99933.43311327868,,0.0,0.0,
2024-12-13 20:00:00+00:00,101462.34,101879.98,101090.9,101424.25,3179.90213,100678.2151499409,100099.0794340255,,0.0,0.0,
2024-12-14 00:00:00+00:00,101424.24,102650.0,101148.35,102088.0,4102.31163,101030.66136245566,100320.07060802267,,0.0,102650.0,
2024-12-14 04:00:00+00:00,102088.0,102138.0,101590.9,101824.0,2355.50886,101228.99602184174,100487.17387379793,,0.0,0.0,
2024-12-14 08:00:00+00:00,101824.0,101863.64,101321.0,101583.99,1246.03828,101317.74451638131,100609.04233226483,,0.0,0.0,
2024-12-14 12:00:00+00:00,101584.0,101742.43,100826.38,101625.12,2737.98405,101394.58838728598,100721.93985090207,,0.0,0.0,
2024-12-14 16:00:00+00:00,101625.12,101737.7,100831.63,101313.54,2313.84837,101374.3262904645,100787.67320080184,,0.0,0.0,
2024-12-14 20:00:00+00:00,101313.54,101499.08,100609.41,101420.0,1436.01207,101385.74471784837,100857.93173404608,,100609.41,0.0,
2024-12-15 00:00:00+00:00,101420.0,102196.97,101237.14,101733.82,2717.2499,101472.76353838628,100955.2526524854,,0.0,0.0,
2024-12-15 04:00:00+00:00,101733.83,102850.0,101534.01,101732.09,3091.00658,101537.5951537897,101041.56791332035,,0.0,0.0,
2024-12-15 08:00:00+00:00,101732.09,102691.01,101581.07,102671.44,1800.59415,101821.05636534229,101222.66481184031,,0.0,0.0,
2024-12-15 12:00:00+00:00,102671.44,103359.97,102473.01,102704.01,4918.19696,102041.79477400672,101387.25872163584,,0.0,0.0,
2024-12-15 16:00:00+00:00,102704.0,103490.0,102583.65,103252.95,2441.92022,102344.58358050504,101594.55775256519,,0.0,0.0,
2024-12-15 20:00:00+00:00,103252.96,105250.0,102621.5,104463.99,7259.953965,102874.43518537878,101913.38355783572,,0.0,0.0,
2024-12-16 00:00:00+00:00,104463.99,106648.0,104259.48,104582.28,8803.848246,103301.39638903408,102209.9276069651,,0.0,106648.0,
2024-12-16 04:00:00+00:00,104582.28,105420.76,104469.89,104992.79,3083.27266,103724.24479177556,102519.13453952453,,0.0,0.0,
2024-12-16 08:00:00+00:00,104992.79,105016.85,103625.78,103757.99,3972.26006,103732.68109383168,102656.78514624403,,0.0,0.0,
2024-12-16 12:00:00+00:00,103758.0,106499.99,103333.0,106332.01,9289.30941,104382.51332037375,103065.14346332803,,103333.0,0.0,
2024-12-16 16:00:00+00:00,106332.0,107793.07,105797.41,106583.12,11995.104264,104932.66499028032,103456.02974518047,,0.0,107793.07,
2024-12-16 20:00:00+00:00,106583.13,106648.48,105480.02,106058.66,4158.6081,105214.16374271024,103745.21088460486,,0.0,0.0,
2024-12-17 00:00:00+00:00,106058.65,107000.0,105657.34,106866.49,3882.88127,105627.24530703269,104092.01967520433,,0.0,0.0,
2024-12-17 04:00:00+00:00,106866.5,107143.29,106368.45,106805.75,2937.82223,105921.87148027451,104393.54526684829,,0.0,0.0,
2024-12-17 08:00:00+00:00,106805.75,107550.02,106708.86,106808.31,3622.94784,106143.48111020587,104661.8524594207,,0.0,0.0,
2024-12-17 12:00:00+00:00,106808.31,108353.0,105725.99,106478.47,8939.180456,106227.2283326544,104863.6988528184,,0.0,108353.0,
2024-12-17 16:00:00+00:00,106478.48,107633.0,106148.0,106475.89,5875.35581,106289.3937494908,105042.83120250524,,0.0,0.0,
2024-12-17 20:00:00+00:00,106475.89,106903.99,105321.49,106133.74,3806.74886,106250.4803121181,105164.04329111577,,0.0,0.0,
2024-12-18 00:00:00+00:00,106133.74,106524.98,104581.58,104763.98,5784.93924,105878.85523408858,105119.59181432513,,0.0,0.0,
2024-12-18 04:00:00+00:00,104763.99,104763.99,103137.82,104250.75,7256.63713,105471.82892556643,105023.05383495567,,103137.82,0.0,
2024-12-18 08:00:00+00:00,104250.75,105033.33,103729.18,105028.33,2927.64166,105360.95419417482,105023.64007551616,,0.0,0.0,
2024-12-18 12:00:00+00:00,105028.33,105350.0,103650.0,104428.54,7242.86665,105127.85064563112,104957.51784490325,,0.0,105350.0,
2024-12-18 16:00:00+00:00,104428.54,104999.98,102817.82,102817.82,9166.33778,104550.34298422333,104719.773639914,,0.0,0.0,
2024-12-18 20:00:00+00:00,102817.82,102997.77,100000.0,100204.01,17929.57509,103463.7597381675,104218.022124368,,0.0,0.0,
2024-12-19 00:00:00+00:00,100204.01,101310.25,98802.0,101193.15,11011.14924,102896.10730362563,103881.92522166044,,98802.0,0.0,
2024-12-19 04:00:00+00:00,101193.15,101727.28,100629.99,101656.57,3199.07619,102586.22297771923,103634.66353036484,,0.0,0.0,
2024-12-19 08:00:00+00:00,101656.57,102609.72,101380.1,102449.99,4074.86626,102552.16473328942,103503.03313810208,,0.0,0.0,
2024-12-19 12:00:00+00:00,102450.0,102800.11,99500.0,100679.86,10496.80787,102084.08854996707,103189.34723386851,,0.0,102800.11,
2024-12-19 16:00:00+00:00,100679.86,101200.0,96251.32,97199.72,15856.49892,100862.9964124753,102523.83309677201,,0.0,0.0,
2024-12-19 20:00:00+00:00,97199.72,98500.0,95700.0,97461.86,10508.99952,100012.71230935647,101961.39164157512,,95700.0,0.0,
2024-12-20 00:00:00+00:00,97461.86,97814.09,96000.0,97106.02,8712.02871,99286.03923201736,101421.90590362232,,0.0,0.0,
2024-12-20 04:00:00+00:00,97106.02,98233.0,96374.03,97832.53,6871.39877,98922.66192401302,101023.0863587754,,0.0,0.0,
2024-12-20 08:00:00+00:00,97832.52,97864.91,92612.1,92723.98,19009.19125,97372.99144300977,100100.96343002257,,0.0,0.0,
2024-12-20 12:00:00+00:00,92723.99,97572.0,92232.54,96991.62,16343.30766,97277.64858225733,99755.48082668673,,92232.54,0.0,
2024-12-20 16:00:00+00:00,96991.63,97748.0,96300.0,97116.0,7186.02296,97237.236436693,99462.2051792771,,0.0,0.0,
2024-12-20 20:00:00+00:00,97116.0,97816.44,95393.84,97805.44,4762.18635,97379.28732751975,99278.12015935742,,0.0,0.0,
2024-12-21 00:00:00+00:00,97805.44,97813.59,97188.09,97487.46,2878.66863,97406.33049563982,99079.15791942882,,0.0,0.0,
2024-12-21 04:00:00+00:00,97487.47,99540.61,97378.5,99040.0,5467.95008,97814.74787172987,99074.80703949228,,0.0,99540.61,
2024-12-21 08:00:00+00:00,99040.0,99187.95,97800.0,98262.08,3434.11954,97926.5809037974,98984.50403510426,,0.0,0.0,
2024-12-21 12:00:00+00:00,98262.08,98283.95,96398.39,97527.97,5930.1048,97826.92817784805,98822.66692009267,,96398.39,0.0,
2024-12-21 16:00:00+00:00,97527.96,97723.18,96819.36,97269.03,2933.73741,97687.45363338603,98650.04059563793,,0.0,0.0,
2024-12-21 20:00:00+00:00,97269.03,98057.51,96539.91,97291.99,2838.96097,97588.58772503953,98499.1460850115,,0.0,0.0,
2024-12-22 00:00:00+00:00,97292.0,97448.08,96549.37,96994.37,1848.52784,97440.03329377965,98331.94874223245,,0.0,0.0,
2024-12-22 04:00:00+00:00,96994.37,97071.97,95890.28,96210.24,2981.41637,97132.58497033473,98096.20332642885,,0.0,0.0,
2024-12-22 08:00:00+00:00,96210.25,97351.57,96196.85,97101.28,2184.9888,97124.75872775105,97985.65629015898,,0.0,0.0,
2024-12-22 12:00:00+00:00,97101.29,97300.0,95109.13,95377.72,4444.90674,96687.99904581328,97695.88559125243,,0.0,0.0,
2024-12-22 16:00:00+00:00,95377.71,96444.45,94700.0,94836.55,3910.30845,96225.13678435996,97378.18163666883,,0.0,0.0,
2024-12-22 20:00:00+00:00,94836.55,95824.0,94250.35,95186.27,3983.68216,95965.42008826997,97134.63589926118,,0.0,0.0,
2024-12-23 00:00:00+00:00,95186.28,96043.99,93700.42,96025.15,6028.4424,95980.35256620248,97011.35968823216,,93700.42,0.0,
2024-12-23 04:00:00+00:00,96025.15,96509.98,94705.07,95404.01,3919.1348,95836.26692465186,96832.76527842859,,0.0,0.0,
2024-12-23 08:00:00+00:00,95404.01,96538.92,95036.77,95932.42,3020.85272,95860.3051934889,96732.72691415875,,0.0,96538.92,
2024-12-23 12:00:00+00:00,95932.41,96423.0,93107.52,93250.37,8316.98998,95207.82139511667,96345.79836814111,,0.0,0.0,
2024-12-23 16:00:00+00:00,93250.38,94260.0,92690.0,93044.79,6236.29663,94667.06354633751,95979.01966056987,,0.0,0.0,
2024-12-23 20:00:00+00:00,93044.79,95509.09,92520.0,94881.47,5289.0505,94720.66515975313,95857.06969828434,,92520.0,0.0,
2024-12-24 00:00:00+00:00,94881.47,94881.47,93569.02,94348.75,3135.824,94627.68636981485,95689.47862069719,,0.0,0.0,
2024-12-24 04:00:00+00:00,94348.75,94653.45,93810.45,94233.19,1999.49298,94529.06227736114,95527.66877395306,,0.0,0.0,
2024-12-24 08:00:00+00:00,94233.2,94635.7,93840.0,94398.6,1936.10063,94496.44670802086,95402.21668795828,,0.0,0.0,
2024-12-24 12:00:00+00:00,94398.6,98300.0,94075.1,98300.0,6970.36477,95447.33503101564,95724.19261151848,,0.0,0.0,
2024-12-24 16:00:00+00:00,98299.99,99487.99,97546.57,97581.09,6446.91305,95980.77377326172,95930.51454357198,,0.0,99487.99,1.0
2024-12-24 20:00:00+00:00,97581.1,99068.9,97250.0,98663.58,3185.52945,96651.47532994629,96234.1884831751,,0.0,0.0,
2024-12-25 00:00:00+00:00,98663.58,98878.44,97725.27,98029.48,2347.026,96995.97649745972,96433.66531837785,,0.0,0.0,
2024-12-25 04:00:00+00:00,98029.49,98581.9,97844.18,98084.33,1454.63832,97268.06487309479,96617.07250522476,,0.0,0.0,
2024-12-25 08:00:00+00:00,98084.33,99349.31,97773.83,97907.61,3026.36685,97427.95115482109,96760.46556019978,,0.0,99349.31,
2024-12-25 12:00:00+00:00,97907.61,98832.89,97632.02,98519.98,2843.35507,97700.95836611581,96955.96716462202,,97632.02,0.0,
2024-12-25 16:00:00+00:00,98519.99,99299.99,98134.4,99018.52,2094.84554,98030.34877458686,97185.13970188625,,0.0,0.0,
2024-12-25 20:00:00+00:00,99018.52,99569.15,98384.61,99429.6,2707.93332,98380.16158094016,97434.52417945444,,0.0,0.0,
2024-12-26 00:00:00+00:00,99429.61,99963.7,98468.26,98995.17,3339.03441,98533.91368570512,97607.92927062618,,0.0,99963.7,
2024-12-26 04:00:00+00:00,98995.18,98995.18,97711.17,97719.99,2538.93374,98330.43276427884,97620.38046277882,,0.0,0.0,
2024-12-26 08:00:00+00:00,97719.99,97772.13,95199.14,95695.81,6056.25765,97671.77707320913,97406.53930024784,,95199.14,0.0,
2024-12-26 12:00:00+00:00,95695.81,96280.25,95234.93,96042.88,4267.56835,97264.55280490685,97255.0216002203,,0.0,0.0,
2024-12-26 16:00:00+00:00,96042.89,96621.95,95444.44,96102.25,2892.18792,96973.97710368014,97126.93586686248,,0.0,0.0,
2024-12-26 20:00:00+00:00,96102.24,96114.46,95302.0,95791.6,2098.3852,96678.3828277601,96978.56521498886,,0.0,0.0,
2024-12-27 00:00:00+00:00,95791.6,96443.68,95401.03,96417.84,2935.2441,96613.24712082007,96916.26241332343,,0.0,0.0,
2024-12-27 04:00:00+00:00,96417.84,96604.24,94646.03,95104.76,4600.52902,96236.12534061505,96714.9843673986,,0.0,0.0,
2024-12-27 08:00:00+00:00,95104.76,97544.58,95104.76,96952.38,4963.50857,96415.18900546129,96741.36165990988,,0.0,97544.58,
2024-12-27 12:00:00+00:00,96952.38,97035.8,94011.11,94573.75,6425.73336,95954.82925409597,96500.51591991988,,0.0,0.0,
2024-12-27 16:00:00+00:00,94573.75,94996.16,93500.01,94750.0,5278.97717,95653.62194057197,96306.0141510399,,93500.01,0.0,
2024-12-27 20:00:00+00:00,94750.11,94823.09,94100.6,94299.03,2297.27207,95314.97395542898,96083.01591203547,,0.0,0.0,
2024-12-28 00:00:00+00:00,94299.03,94720.0,94135.66,94594.91,1341.52605,95134.95796657173,95917.6708106982,,0.0,0.0,
2024-12-28 04:00:00+00:00,94594.91,94800.0,94307.0,94381.99,971.18403,94946.7159749288,95747.0396095095,,0.0,0.0,
2024-12-28 08:00:00+00:00,94381.98,94883.0,94312.67,94754.83,1063.67759,94898.7444811966,95636.79409734179,,0.0,0.0,
2024-12-28 12:00:00+00:00,94754.83,95340.36,94375.8,94447.29,2013.14298,94785.88086089745,95504.62697541493,,0.0,0.0,
2024-12-28 16:00:00+00:00,94447.28,95245.24,94389.45,95027.76,1698.97945,94846.35064567308,95451.64175592437,,0.0,0.0,
2024-12-28 20:00:00+00:00,95027.75,95733.99,94878.26,95300.0,1297.3828,94959.7629842548,95434.79267193278,,0.0,95733.99,
2024-12-29 00:00:00+00:00,95300.0,95340.0,94808.0,95172.4,1053.11164,95012.9222381911,95405.63793060691,,0.0,0.0,
2024-12-29 04:00:00+00:00,95172.41,95283.99,94971.44,95272.04,875.93086,95077.70167864332,95390.79371609504,,0.0,0.0,
2024-12-29 08:00:00+00:00,95272.05,95315.5,95010.0,95032.57,788.50288,95066.4187589825,95350.99108097337,,0.0,0.0,
2024-12-29 12:00:00+00:00,95032.58,95231.58,94010.0,94511.12,2881.2142,94927.59406923687,95257.67207197633,,0.0,0.0,
2024-12-29 16:00:00+00:00,94511.11,94578.89,93367.52,93612.89,4040.48021,94598.91805192766,95074.9185084234,,0.0,0.0,
2024-12-29 20:00:00+00:00,93612.89,93949.52,93009.52,93738.2,3936.76599,94383.73853894573,94926.3942297097,,93009.52,0.0,
2024-12-30 00:00:00+00:00,93738.19,94274.29,93368.93,93722.71,2898.63024,94218.4814042093,94792.65153751973,,0.0,0.0,
2024-12-30 04:00:00+00:00,93722.72,94060.35,93240.03,93731.65,2439.98241,94096.77355315698,94674.76247779532,,0.0,0.0,
2024-12-30 08:00:00+00:00,93731.66,94068.56,93469.56,93923.14,1683.90269,94053.36516486773,94591.24886915139,,0.0,0.0,
2024-12-30 12:00:00+00:00,93923.14,94277.23,91530.45,92130.21,9295.9625,93572.57637365081,94317.80010591235,,91530.45,0.0,
2024-12-30 16:00:00+00:00,92130.21,94684.09,91800.0,94417.04,6130.98017,93783.6922802381,94328.82676081097,,0.0,0.0,
2024-12-30 20:00:00+00:00,94417.04,95024.5,91901.57,92792.05,5169.96449,93535.78171017858,94158.07378738753,,0.0,95024.5,
2024-12-31 00:00:00+00:00,92792.05,92907.03,92033.73,92509.59,2673.26662,93279.23378263394,93974.90892212225,,0.0,0.0,
2024-12-31 04:00:00+00:00,92509.6,93040.1,92344.07,92860.75,1910.77295,93174.61283697546,93851.1134863309,,0.0,0.0,
2024-12-31 08:00:00+00:00,92860.75,94741.68,92842.88,94232.68,3728.42811,93439.1296277316,93893.50976562746,,0.0,0.0,
2024-12-31 12:00:00+00:00,94232.68,96250.0,94232.67,95412.0,5922.39263,93932.34722079869,94062.23090277996,,0.0,96250.0,
2024-12-31 16:00:00+00:00,95412.0,95590.52,93189.59,94166.88,3654.49229,93990.98041559901,94073.85858024885,,0.0,0.0,
2024-12-31 20:00:00+00:00,94166.88,94222.5,93375.38,93576.0,1722.68129,93887.23531169926,94018.5409602212,,0.0,0.0,
2025-01-01 00:00:00+00:00,93576.0,94509.42,93489.03,93838.04,1840.29813,93874.93648377445,93998.4852979744,,0.0,0.0,
2025-01-01 04:00:00+00:00,93838.04,93937.19,93500.0,93684.1,958.86153,93827.22736283083,93963.55359819948,,0.0,0.0,
2025-01-01 08:00:00+00:00,93684.11,93756.02,92888.0,93444.64,1867.48363,93731.58052212313,93905.89653173287,,92888.0,0.0,
2025-01-01 12:00:00+00:00,93444.65,94500.0,93407.07,94432.94,2077.71092,93906.92039159234,93964.45691709589,,0.0,0.0,
2025-01-01 16:00:00+00:00,94432.94,94823.75,93760.93,94627.07,1721.05382,94086.95779369425,94038.08059297412,,0.0,0.0,1.0
2025-01-01 20:00:00+00:00,94627.08,95151.15,94542.0,94591.79,1907.9181,94213.16584527069,94099.60386042144,,0.0,0.0,
2025-01-02 00:00:00+00:00,94591.78,95516.0,94392.0,95010.33,3071.06776,94412.45688395301,94200.79565370794,,0.0,0.0,
2025-01-02 04:00:00+00:00,95010.34,96000.0,94984.84,95822.0,2597.83185,94764.84266296476,94380.92946996262,,0.0,0.0,
2025-01-02 08:00:00+00:00,95822.01,96876.38,95640.05,96732.99,3181.19751,95256.87949722356,94642.26952885566,,0.0,0.0,
2025-01-02 12:00:00+00:00,96733.0,97440.91,95924.6,96455.01,6594.73113,95556.41212291767,94843.68513676059,,0.0,0.0,
2025-01-02 16:00:00+00:00,96455.01,97777.0,96040.04,97317.74,4552.1019,95996.74409218825,95118.58012156497,,0.0,0.0,
2025-01-02 20:00:00+00:00,97317.74,97839.5,96666.66,96984.79,1973.55933,96243.75556914118,95325.93677472441,,0.0,97839.5,
2025-01-03 00:00:00+00:00,96984.79,97342.44,96650.0,97062.3,1301.75815,96448.39167685588,95518.86602197726,,0.0,0.0,
2025-01-03 04:00:00+00:00,97062.3,97066.18,96280.65,96304.0,1511.25736,96412.29375764192,95606.10313064646,,0.0,0.0,
2025-01-03 08:00:00+00:00,96304.0,96830.0,96100.01,96757.58,1875.17783,96498.61531823144,95734.04500501907,,96100.01,0.0,
2025-01-03 12:00:00+00:00,96757.57,97660.0,96472.43,97521.35,3996.57846,96754.29898867359,95932.63444890584,,0.0,0.0,
2025-01-03 16:00:00+00:00,97521.36,98976.91,97406.54,98592.01,4583.69677,97213.72674150519,96228.12062124963,,0.0,98976.91,
2025-01-03 20:00:00+00:00,98592.02,98748.0,98067.99,98174.18,1985.36079,97453.84005612889,96444.34944111078,,0.0,0.0,
2025-01-04 00:00:00+00:00,98174.17,98314.15,97800.0,98200.0,1400.83188,97640.38004209666,96639.4217254318,,0.0,0.0,
2025-01-04 04:00:00+00:00,98200.01,98350.04,97862.87,98271.88,1220.86223,97798.2550315725,96820.8059781616,,0.0,0.0,
2025-01-04 08:00:00+00:00,98271.87,98306.22,97532.58,97889.39,1585.26406,97821.03877367938,96939.53753614365,,0.0,0.0,
2025-01-04 12:00:00+00:00,97889.4,98152.02,97514.79,97657.94,1867.22331,97780.26408025954,97019.36003212769,,97514.79,0.0,
2025-01-04 16:00:00+00:00,97657.95,98350.0,97549.99,98166.26,1394.26571,97876.76306019466,97146.79336189128,,0.0,0.0,
2025-01-04 20:00:00+00:00,98166.26,98778.43,98143.2,98220.5,1521.60932,97962.69729514599,97266.09409945892,,0.0,98778.43,
2025-01-05 00:00:00+00:00,98220.51,98391.59,98050.0,98187.96,830.57053,98019.0129713595,97368.52364396349,,0.0,0.0,
2025-01-05 04:00:00+00:00,98187.97,98522.76,98187.96,98268.77,719.22974,98081.45222851963,97468.55101685644,,0.0,0.0,
2025-01-05 08:00:00+00:00,98268.77,98268.78,97600.0,97641.63,1371.38309,97971.49667138973,97487.7820149835,,0.0,0.0,
2025-01-05 12:00:00+00:00,97641.62,98281.89,97276.79,98028.98,1867.30793,97985.8675035423,97547.91512442978,,97276.79,0.0,
2025-01-05 16:00:00+00:00,98028.98,98332.54,97577.46,98079.63,1421.36695,98009.30812765672,97606.9945550487,,0.0,0.0,
2025-01-05 20:00:00+00:00,98079.64,98836.85,98024.0,98363.61,1885.77899,98097.88359574255,97691.06293782107,,0.0,0.0,
2025-01-06 00:00:00+00:00,98363.61,99333.0,97920.0,99037.57,3197.2233,98332.8051968069,97840.67483361873,,0.0,0.0,
2025-01-06 04:00:00+00:00,99037.57,99892.0,99037.57,99318.7,2944.63327,98579.27889760518,98004.89985210553,,0.0,0.0,
2025-01-06 08:00:00+00:00,99318.7,99625.69,98709.28,99259.99,2315.45844,98749.45667320388,98144.3543129827,,0.0,0.0,
2025-01-06 12:00:00+00:00,99259.99,102468.92,98711.94,102147.95,8408.22358,99599.0800049029,98589.19827820685,,0.0,0.0,
2025-01-06 16:00:00+00:00,102147.95,102480.0,101250.0,101817.22,5128.12803,100153.61500367717,98947.86735840609,,0.0,0.0,
2025-01-06 20:00:00+00:00,101817.22,102329.98,101600.05,102235.6,3269.76713,100674.11125275788,99313.17098524986,,0.0,0.0,
2025-01-07 00:00:00+00:00,102235.6,102724.38,101512.91,101708.08,2357.41538,100932.60343956841,99579.27198688877,,0.0,102724.38,
2025-01-07 04:00:00+00:00,101708.09,102015.01,101582.79,101664.81,1492.76799,101115.6550796763,99810.99843279002,,0.0,0.0,
2025-01-07 08:00:00+00:00,101664.81,101995.64,100472.45,100830.86,3234.87532,101044.45630975722,99924.31638470224,,0.0,0.0,
2025-01-07 12:00:00+00:00,100830.86,100960.06,97153.5,97952.26,12652.02745,100271.40723231791,99705.19900862421,,0.0,0.0,
2025-01-07 16:00:00+00:00,97952.26,98347.81,96323.67,96451.98,7820.91705,99316.55042423843,99343.73022988818,,0.0,0.0,
2025-01-07 20:00:00+00:00,96451.99,97220.76,96181.81,96954.61,4501.87218,98726.06531817882,99078.27242656727,,0.0,0.0,
2025-01-08 00:00:00+00:00,96954.6,97268.65,96216.83,96525.2,3503.85267,98175.84898863411,98794.59771250424,,0.0,0.0,
2025-01-08 04:00:00+00:00,96525.2,96654.61,95250.76,95657.09,5008.27213,97546.15924147559,98445.98574444822,,0.0,0.0,
2025-01-08 08:00:00+00:00,95657.09,96132.47,94543.86,95134.92,4080.06431,96943.34943110669,98078.08955062064,,0.0,0.0,
2025-01-08 12:00:00+00:00,95134.92,96079.32,94624.43,95493.77,7524.11163,96580.95457333002,97790.94293388502,,0.0,0.0,
2025-01-08 16:00:00+00:00,95493.77,95555.25,92500.9,94243.89,10263.38282,95996.6884299975,97396.82594123113,,92500.9,0.0,
2025-01-08 20:00:00+00:00,94243.89,95310.94,93600.0,95060.61,3324.99538,95762.66882249813,97137.24639220544,,0.0,0.0,
2025-01-09 00:00:00+00:00,95060.61,95382.32,93422.89,94027.9,5419.68508,95328.9766168736,96791.76345973817,,0.0,0.0,
2025-01-09 04:00:00+00:00,94027.91,94618.63,93186.38,93221.59,2824.32014,94802.12996265519,96395.07751976726,,0.0,0.0,
2025-01-09 08:00:00+00:00,93221.59,93877.46,92750.0,93465.23,4574.38662,94467.90497199139,96069.53890645978,,0.0,0.0,
2025-01-09 12:00:00+00:00,93465.23,94588.23,91800.0,94244.02,9108.35063,94411.93372899355,95866.7034724087,,0.0,0.0,
2025-01-09 16:00:00+00:00,94244.02,94685.25,91900.01,91909.59,6624.66398,93786.34779674516,95427.02419769662,,0.0,94685.25,
2025-01-09 20:00:00+00:00,91909.59,92720.67,91203.67,92552.49,5993.4304,93477.88334755888,95107.63150906366,,91203.67,0.0,
2025-01-10 00:00:00+00:00,92552.49,93727.83,92431.73,93696.13,2928.04066,93532.44501066915,94950.79800805659,,0.0,0.0,
2025-01-10 04:00:00+00:00,93696.13,95000.0,93500.0,94492.63,3602.28378,93772.49125800186,94899.89045160585,,0.0,0.0,
2025-01-10 08:00:00+00:00,94492.62,95293.4,94388.5,95073.95,2846.56733,94097.85594350139,94919.23040142743,,0.0,0.0,
2025-01-10 12:00:00+00:00,95073.95,95117.26,92206.02,93730.92,12008.10901,94006.12195762605,94787.19591237993,,92206.02,0.0,
2025-01-10 16:00:00+00:00,93730.93,95836.0,93177.4,95327.06,7960.59139,94336.35646821954,94847.18081100438,,0.0,95836.0,
2025-01-10 20:00:00+00:00,95327.07,95442.15,94586.02,94726.11,2137.27207,94433.79485116465,94833.72849867056,,0.0,0.0,
2025-01-11 00:00:00+00:00,94726.1,94746.37,94106.49,94206.95,1275.83371,94377.08363837349,94764.08644326273,,0.0,0.0,
2025-01-11 04:00:00+00:00,94206.96,94441.87,93831.73,94246.36,989.55966,94344.40272878011,94706.5612829002,,93831.73,0.0,
2025-01-11 08:00:00+00:00,94246.36,94791.67,94031.22,94625.65,1009.69139,94414.71454658508,94697.57114035574,,0.0,94791.67,
2025-01-11 12:00:00+00:00,94625.66,94655.2,94307.25,94410.26,891.77961,94413.6009099388,94665.64768031621,,0.0,0.0,
2025-01-11 16:00:00+00:00,94410.26,94708.12,93984.55,94249.26,1016.34928,94372.5156824541,94619.38238250329,,93984.55,0.0,
2025-01-11 20:00:00+00:00,94249.27,95050.94,94200.89,94599.99,1864.69065,94429.38426184058,94617.22767333625,,0.0,95050.94,
2025-01-12 00:00:00+00:00,94599.99,94699.0,94296.99,94622.4,984.48539,94477.63819638043,94617.80237629889,,0.0,0.0,
2025-01-12 04:00:00+00:00,94622.4,94650.0,94274.01,94323.85,555.17676,94439.19114728532,94585.14100115457,,0.0,0.0,
2025-01-12 08:00:00+00:00,94323.85,94393.57,93711.19,94255.1,1542.32088,94393.168360464,94548.46977880406,,93711.19,0.0,
2025-01-12 12:00:00+00:00,94255.1,95450.1,94173.48,95071.9,2128.13742,94562.851270348,94606.62869227029,,0.0,95450.1,
2025-01-12 16:00:00+00:00,95071.91,95314.12,94578.54,94650.26,1321.59389,94584.703452761,94611.47661535136,,0.0,0.0,
2025-01-12 20:00:00+00:00,94650.26,94800.0,93800.0,94545.06,2075.15188,94574.79258957074,94604.09699142343,,0.0,0.0,
2025-01-13 00:00:00+00:00,94545.07,95940.0,93899.99,94269.23,3486.55763,94498.40194217805,94566.88954793193,,0.0,95940.0,
2025-01-13 04:00:00+00:00,94269.23,94913.03,93281.0,93590.24,2651.8386,94271.36145663355,94458.37293149505,,0.0,0.0,
2025-01-13 08:00:00+00:00,93590.24,93661.55,90833.12,90851.22,10070.64435,93416.32609247515,94057.57816132893,,0.0,0.0,
2025-01-13 12:00:00+00:00,90851.23,93100.0,89256.69,92123.75,15768.82719,93093.18206935636,93842.70836562572,,89256.69,0.0,
2025-01-13 16:00:00+00:00,92123.75,92534.1,91250.0,92312.18,5597.12697,92897.93155201727,93672.64965833398,,0.0,0.0,
2025-01-13 20:00:00+00:00,92312.18,94727.15,91908.2,94536.1,5044.56949,93307.47366401296,93768.58858518576,,0.0,0.0,
2025-01-14 00:00:00+00:00,94536.11,95280.8,94346.22,94861.4,3303.28378,93695.95524800972,93890.01207572068,,0.0,0.0,
2025-01-14 04:00:00+00:00,94861.39,95464.71,94753.42,94864.0,2358.7602,93987.9664360073,93998.23295619615,,0.0,0.0,
2025-01-14 08:00:00+00:00,94863.99,97371.0,94860.11,96548.04,6495.82711,94627.98482700546,94281.54484995213,,0.0,97371.0,1.0
2025-01-14 12:00:00+00:00,96548.04,97265.48,95748.93,96471.65,8394.33223,95088.9011202541,94524.88986662411,,0.0,0.0,
2025-01-14 16:00:00+00:00,96471.65,97088.57,95351.76,96537.8,5134.58254,95451.12584019058,94748.54654811033,,0.0,0.0,
2025-01-14 20:00:00+00:00,96537.23,96921.13,96152.31,96560.86,2159.83167,95728.55938014293,94949.91470943141,,0.0,0.0,
2025-01-15 00:00:00+00:00,96560.85,97554.63,96500.0,97317.12,3289.96951,96125.6995351072,95212.93751949459,,0.0,0.0,
2025-01-15 04:00:00+00:00,97317.12,97724.96,96750.0,97301.35,3059.85859,96419.6121513304,95444.98335066186,,0.0,0.0,
2025-01-15 08:00:00+00:00,97301.35,97524.0,96521.0,96762.18,2662.70368,96505.2541134978,95591.33853392165,,0.0,0.0,
2025-01-15 12:00:00+00:00,96762.19,99799.98,96539.77,98992.42,11578.95097,97127.04558512334,95969.23647459703,,0.0,0.0,
2025-01-15 16:00:00+00:00,98992.42,99990.0,98602.05,99844.9,5037.81977,97806.50918884251,96399.86575519736,,0.0,0.0,
2025-01-15 20:00:00+00:00,99844.91,100681.94,99460.8,100497.35,4880.68927,98479.21939163188,96855.14178239765,,0.0,0.0,
2025-01-16 00:00:00+00:00,100497.35,100866.66,99170.0,99478.03,4764.75349,98728.92204372391,97146.57380657569,,0.0,100866.66,
2025-01-16 04:00:00+00:00,99478.04,99921.86,99322.19,99799.99,1971.85838,98996.68903279293,97441.39782806727,,0.0,0.0,
2025-01-16 08:00:00+00:00,99800.0,99820.0,98617.55,99158.71,4224.49604,99037.1942745947,97632.21029161535,,0.0,0.0,
2025-01-16 12:00:00+00:00,99158.7,99517.93,97335.13,99296.17,7952.93002,99101.93820594603,97817.09470365809,,97335.13,0.0,
2025-01-16 16:00:00+00:00,99296.17,100448.72,99079.05,100417.2,5345.71609,99430.75365445952,98105.99529214052,,0.0,0.0,
2025-01-16 20:00:00+00:00,100417.2,100641.99,99377.0,99987.3,3573.09915,99569.89024084464,98315.02914856935,,0.0,0.0,
2025-01-17 00:00:00+00:00,99987.3,102148.13,99950.77,101051.73,6891.54414,99940.35018063348,98619.10702095053,,0.0,0.0,
2025-01-17 04:00:00+00:00,101051.73,101899.49,100952.1,101440.5,3198.4853,100315.38763547511,98932.5951297338,,0.0,0.0,
2025-01-17 08:00:00+00:00,101440.51,102581.45,101439.77,102237.6,5380.48317,100795.94072660634,99299.81789309671,,0.0,0.0,
2025-01-17 12:00:00+00:00,102237.6,104254.19,102195.9,104000.0,9298.37508,101596.95554495475,99822.0603494193,,0.0,0.0,
2025-01-17 16:00:00+00:00,104000.0,105865.22,103841.18,105834.93,9336.85365,102656.44915871606,100490.1569772616,,0.0,105865.22,
2025-01-17 20:00:00+00:00,105834.93,105847.02,104065.25,104077.48,5066.11158,103011.70686903704,100888.74842423254,,0.0,0.0,
2025-01-18 00:00:00+00:00,104077.47,104656.87,103000.25,103559.82,3518.82558,103148.73515177777,101185.53415487337,,0.0,0.0,
2025-01-18 04:00:00+00:00,103559.82,103771.21,102602.48,102821.75,4937.1314,103066.98886383334,101367.33591544299,,0.0,0.0,
2025-01-18 08:00:00+00:00,102821.75,103883.01,102277.55,103589.29,4114.11548,103197.564147875,101614.219702616,,102277.55,0.0,
2025-01-18 12:00:00+00:00,103589.29,104988.88,103107.65,104568.96,5002.17801,103540.41311090626,101942.52418010311,,0.0,104988.88,
2025-01-18 16:00:00+00:00,104568.96,104719.29,103156.02,104382.01,4197.15572,103750.8123331797,102213.57816009165,,0.0,0.0,
2025-01-18 20:00:00+00:00,104382.0,104750.0,103765.44,104556.23,2538.42379,103952.16674988477,102473.87280897035,,0.0,0.0,
2025-01-19 00:00:00+00:00,104556.23,105458.55,104013.51,104984.01,3271.33432,104210.12756241357,102752.77694130698,,0.0,0.0,
2025-01-19 04:00:00+00:00,104984.01,105634.78,104191.19,105167.12,4785.51322,104449.37567181018,103021.03728116176,,0.0,0.0,
2025-01-19 08:00:00+00:00,105167.11,105496.03,103450.69,104363.23,7895.87414,104427.83925385763,103170.16980547711,,103450.69,0.0,
2025-01-19 12:00:00+00:00,104363.24,105706.48,104300.75,104936.35,6026.11475,104554.96694039322,103366.41204931299,,0.0,0.0,
2025-01-19 16:00:00+00:00,104936.35,106200.74,104520.01,106200.0,3579.79556,104966.22520529492,103681.25515494488,,0.0,0.0,
2025-01-19 20:00:00+00:00,106200.0,106422.43,99651.6,101331.57,17838.65099,104057.5614039712,103420.17902661767,,0.0,0.0,
2025-01-20 00:00:00+00:00,101331.57,102321.42,99550.0,101891.93,13939.26024,103516.15355297839,103250.37357921571,,99550.0,0.0,
2025-01-20 04:00:00+00:00,101891.94,109588.0,101535.28,107120.65,21204.587662,104417.27766473379,103680.40429263619,,0.0,109588.0,
2025-01-20 08:00:00+00:00,107120.65,109193.23,107093.33,108239.19,9010.89785,105372.75574855035,104186.93603789883,,0.0,0.0,
2025-01-20 12:00:00+00:00,108239.19,108700.01,104480.0,104957.99,13711.24313,105269.06431141276,104272.60870035453,,0.0,0.0,
2025-01-20 16:00:00+00:00,104957.99,107050.0,100333.0,103691.63,25962.9026,104874.70573355957,104208.05551142624,,0.0,0.0,
2025-01-20 20:00:00+00:00,103691.64,104331.0,101701.01,102260.01,5700.34025,104221.03180016967,103991.60601015665,,0.0,0.0,
2025-01-21 00:00:00+00:00,102260.0,103260.1,100119.04,102936.01,10133.69299,103899.77635012726,103874.31756458369,,100119.04,0.0,
2025-01-21 04:00:00+00:00,102936.01,102974.14,101111.68,101989.05,5400.15858,103422.09476259544,103664.84339074105,,0.0,0.0,
2025-01-21 08:00:00+00:00,101989.06,103973.02,101740.82,103758.25,6235.66073,103506.13357194659,103675.22190288093,,0.0,0.0,
2025-01-21 12:00:00+00:00,103758.25,105320.0,102803.43,103943.0,9899.25066,103615.35017895994,103704.97502478305,,0.0,0.0,
2025-01-21 16:00:00+00:00,103942.99,107240.81,103822.02,107031.34,9757.23378,104469.34763421996,104074.57113314049,,0.0,107240.81,1.0
2025-01-21 20:00:00+00:00,107031.34,107199.99,105420.0,106143.82,4515.02328,104887.96572566497,104304.48767390265,,0.0,0.0,
2025-01-22 00:00:00+00:00,106143.82,106394.46,105448.99,105600.01,3019.25833,105065.97679424872,104448.43459902458,,0.0,0.0,
2025-01-22 04:00:00+00:00,105600.01,105952.0,105043.88,105084.77,2894.59275,105070.67509568654,104519.1385324663,,0.0,0.0,
2025-01-22 08:00:00+00:00,105084.77,105464.83,104647.75,105100.39,3008.01462,105078.1038217649,104583.72202885893,,0.0,0.0,
2025-01-22 12:00:00+00:00,105100.38,105584.23,103662.58,104180.01,6007.84866,104853.58036632367,104538.86513676349,,0.0,0.0,
2025-01-22 16:00:00+00:00,104180.01,104754.64,103339.12,104630.0,4362.47109,104797.68527474275,104548.99123267866,,0.0,0.0,
2025-01-22 20:00:00+00:00,104630.0,104830.12,103611.66,103706.66,2956.50709,104524.92895605706,104455.39887349214,,0.0,0.0,
2025-01-23 00:00:00+00:00,103706.66,103819.99,102100.0,102461.25,4960.28164,104009.0092170428,104233.82677643746,,0.0,0.0,
2025-01-23 04:00:00+00:00,102461.24,102968.31,101575.5,102710.27,3922.18053,103684.3244127821,104064.54269016664,,0.0,0.0,
2025-01-23 08:00:00+00:00,102710.28,102724.94,101262.28,101944.49,3213.96175,103249.36580958657,103828.98128014812,,101262.28,0.0,
2025-01-23 12:00:00+00:00,101944.5,106050.86,101281.62,105263.52,17241.02811,103752.90435718992,103988.37447124277,,0.0,0.0,
2025-01-23 16:00:00+00:00,105263.52,106850.0,103399.98,103770.04,10175.26517,103757.18826789244,103964.11508554913,,0.0,106850.0,
2025-01-23 20:00:00+00:00,103770.05,106421.03,102195.7,103910.34,14440.40311,103795.47620091934,103958.14007604367,,0.0,0.0,
2025-01-24 00:00:00+00:00,103910.35,104298.0,102750.0,103891.75,3785.23369,103819.5446506895,103950.76340092771,,0.0,0.0,
2025-01-24 04:00:00+00:00,103891.75,105355.0,103804.77,105046.8,3142.49691,104126.35848801713,104072.54524526908,,0.0,0.0,1.0
2025-01-24 08:00:00+00:00,105046.79,105759.0,104922.41,105420.1,2980.3942,104449.79386601284,104222.2735513503,,0.0,0.0,
2025-01-24 12:00:00+00:00,105420.11,106321.66,104669.17,105859.98,4922.31503,104802.34039950963,104404.2409345336,,0.0,0.0,
2025-01-24 16:00:00+00:00,105859.99,107120.0,105589.0,105760.94,5483.37032,105041.99029963222,104554.98527514098,,0.0,107120.0,
2025-01-24 20:00:00+00:00,105760.93,105781.0,104456.89,104870.5,3295.43002,104999.11772472417,104590.04246679199,,0.0,0.0,
2025-01-25 00:00:00+00:00,104870.51,105280.82,104361.89,105202.4,2029.85839,105049.93829354312,104658.082192704,,0.0,0.0,
2025-01-25 04:00:00+00:00,105202.4,105202.4,104216.81,104385.98,1407.20452,104883.94872015734,104627.84861573689,,0.0,0.0,
2025-01-25 08:00:00+00:00,104385.99,104700.01,104106.09,104670.99,1254.5969,104830.709040118,104632.64210287723,,104106.09,0.0,
2025-01-25 12:00:00+00:00,104670.99,105111.11,104456.0,104897.79,1464.11662,104847.4792800885,104662.10298033532,,0.0,0.0,
2025-01-25 16:00:00+00:00,104897.79,105286.52,104449.75,105055.16,1831.57775,104899.39946006637,104705.77598252028,,0.0,105286.52,
2025-01-25 20:00:00+00:00,105055.16,105250.0,104696.0,104746.85,1080.96959,104861.26209504978,104710.33976224026,,0.0,0.0,
2025-01-26 00:00:00+00:00,104746.86,105273.24,104503.7,105062.42,1315.60742,104911.55157128733,104749.459788658,,0.0,0.0,
2025-01-26 04:00:00+00:00,105062.41,105500.0,104950.0,104998.35,1228.94709,104933.25117846549,104777.11425658489,,0.0,105500.0,
2025-01-26 08:00:00+00:00,104998.36,105221.36,104444.01,104818.69,1340.56686,104904.61088384912,104781.733783631,,104444.01,0.0,
2025-01-26 12:00:00+00:00,104818.68,105126.11,104703.58,104967.01,1136.95799,104920.21066288684,104802.32002989422,,0.0,0.0,
2025-01-26 16:00:00+00:00,104967.02,105260.36,104896.0,105081.63,866.43502,104960.56549716512,104833.35447101708,,0.0,105260.36,
2025-01-26 20:00:00+00:00,105081.64,105200.0,102520.44,102620.0,3923.998,104375.42412287384,104587.42619645962,,0.0,0.0,
2025-01-27 00:00:00+00:00,102620.01,103260.0,100720.53,101395.64,8353.88719,103630.47809215538,104232.78328574188,,0.0,0.0,
2025-01-27 04:00:00+00:00,101395.64,101399.99,97777.77,99048.02,12651.63419,102484.86356911654,103656.69847621501,,97777.77,0.0,
2025-01-27 08:00:00+00:00,99048.01,99533.33,98263.49,98761.13,6790.38919,101553.9301768374,103112.74642330223,,0.0,0.0,
2025-01-27 12:00:00+00:00,98761.12,102317.94,98714.28,101112.03,11346.0746,101443.45513262805,102890.44459849087,,0.0,0.0,
2025-01-27 16:00:00+00:00,101112.03,101250.56,98864.0,99700.02,6873.59773,101007.59634947104,102535.95297643633,,0.0,0.0,
2025-01-27 20:00:00+00:00,99700.01,102405.0,99606.46,102082.83,4742.5512,101276.40476210328,102485.60597905451,,0.0,0.0,
2025-01-28 00:00:00+00:00,102082.83,102892.0,101334.55,102636.32,3670.23637,101616.38357157746,102502.35198138178,,0.0,0.0,
2025-01-28 04:00:00+00:00,102636.32,103371.24,102527.39,102789.72,2654.45746,101909.7176786831,102534.28176122825,,0.0,0.0,
2025-01-28 08:00:00+00:00,102789.72,103181.82,102393.94,102762.01,2051.60214,102122.79075901232,102559.58489886955,,0.0,0.0,
2025-01-28 12:00:00+00:00,102762.02,103800.0,101815.26,102777.99,5106.451,102286.59056925925,102583.8521323285,,0.0,103800.0,
2025-01-28 16:00:00+00:00,102777.99,103108.0,101820.15,102424.24,4696.05403,102321.00292694443,102566.11745095866,,0.0,0.0,
2025-01-28 20:00:00+00:00,102424.24,102538.0,100272.68,101335.52,3843.25665,102074.63219520832,102429.38440085214,,100272.68,0.0,
2025-01-29 00:00:00+00:00,101335.52,102319.69,101328.01,102038.2,1696.38336,102065.52414640624,102385.91946742413,,0.0,0.0,
2025-01-29 04:00:00+00:00,102038.21,102853.53,101955.51,102755.82,1764.20643,102238.09810980468,102427.01952659922,,0.0,0.0,
2025-01-29 08:00:00+00:00,102755.81,103000.0,102180.65,102646.0,2209.71378,102340.0735823535,102451.35069031041,,0.0,0.0,
2025-01-29 12:00:00+00:00,102646.0,102842.04,101582.37,101980.78,4382.66276,102250.25018676513,102399.0650580537,,0.0,0.0,
2025-01-29 16:00:00+00:00,101980.78,103999.0,101400.01,103583.99,7259.9178,102583.68514007385,102530.72338493663,,101400.01,0.0,1.0
2025-01-29 20:00:00+00:00,103584.0,104782.68,102868.0,103733.24,5842.47389,102871.0738550554,102664.3363421659,,0.0,0.0,
2025-01-30 00:00:00+00:00,103733.25,105300.0,103278.54,105196.0,3876.90317,103452.30539129155,102945.63230414747,,0.0,0.0,
2025-01-30 04:00:00+00:00,105196.0,105595.81,104799.66,105132.07,2795.08494,103872.24654346866,103188.56982590887,,0.0,0.0,
2025-01-30 08:00:00+00:00,105132.07,105534.0,104925.26,105300.63,1690.21583,104229.34240760149,103423.24317858566,,0.0,0.0,
2025-01-30 12:00:00+00:00,105300.63,106457.44,104660.0,105564.0,5586.81148,104563.00680570112,103661.1050476317,,104660.0,106457.44,
2025-01-30 16:00:00+00:00,105563.99,106013.01,104762.59,105711.27,3142.75313,104850.07260427585,103888.90115345041,,0.0,0.0,
2025-01-30 20:00:00+00:00,105711.28,105821.62,104693.82,104722.94,2282.30617,104818.28945320689,103981.57213640037,,0.0,0.0,
2025-01-31 00:00:00+00:00,104722.94,105029.72,103930.09,104344.46,2510.54787,104699.83208990516,104021.89301013366,,103930.09,0.0,
2025-01-31 04:00:00+00:00,104344.46,104814.46,103972.13,104188.56,1868.93867,104572.01406742887,104040.41156456326,,0.0,0.0,
2025-01-31 08:00:00+00:00,104188.57,104848.65,103936.54,104736.0,1992.8102,104613.01055057165,104117.69916850067,,0.0,0.0,
2025-01-31 12:00:00+00:00,104736.01,106012.0,104106.0,105464.01,4829.65222,104825.76041292874,104267.28926088948,,0.0,106012.0,
2025-01-31 16:00:00+00:00,105464.0,105574.4,102122.0,102312.32,6376.84832,104197.40030969656,104050.07045412398,,0.0,0.0,
2025-01-31 20:00:00+00:00,102312.31,102482.94,101560.0,102429.56,4404.38465,103755.44023227242,103870.0137369991,,101560.0,0.0,
2025-02-01 00:00:00+00:00,102429.56,102783.71,102198.52,102249.19,1810.34285,103378.87767420431,103689.92221066587,,0.0,0.0,
2025-02-01 04:00:00+00:00,102249.19,102588.57,102118.56,102166.49,1052.21801,103075.78075565324,103520.65196503633,,0.0,0.0,
2025-02-01 08:00:00+00:00,102166.49,102276.99,101412.0,102028.81,2029.14504,102814.03806673993,103354.89174669897,,101412.0,0.0,
2025-02-01 12:00:00+00:00,102028.82,102329.01,101730.79,102073.89,1704.67519,102629.00105005494,103212.55821928797,,0.0,0.0,
2025-02-01 16:00:00+00:00,102073.89,102297.99,101448.0,101669.6,1472.58058,102389.1507875412,103041.11841714485,,0.0,0.0,
2025-02-01 20:00:00+00:00,101669.6,101669.6,100279.51,100635.65,4221.9958,101950.7755906559,102773.8441485732,,0.0,0.0,
2025-02-02 00:00:00+00:00,100635.66,101456.6,99148.91,99206.86,4565.34638,101264.79669299192,102377.51257650951,,0.0,0.0,
2025-02-02 04:00:00+00:00,99206.85,100515.99,99031.19,99643.3,3478.78338,100859.42251974394,102073.71117911956,,0.0,0.0,
2025-02-02 08:00:00+00:00,99643.3,100100.0,98645.0,98864.6,4107.2233,100360.71688980795,101717.1432703285,,0.0,0.0,
2025-02-02 12:00:00+00:00,98864.6,99439.05,98157.0,99346.87,5265.38592,100107.25516735596,101453.77957362533,,0.0,0.0,
2025-02-02 16:00:00+00:00,99346.87,99361.97,96821.54,98273.16,9695.73736,99648.73137551697,101100.37739877807,,0.0,0.0,
2025-02-02 20:00:00+00:00,98273.17,98628.74,96150.0,97700.59,7507.02305,99161.69603163772,100722.62324335829,,0.0,0.0,
2025-02-03 00:00:00+00:00,97700.59,97782.79,91231.0,94038.74,29729.4911,97880.95702372829,99979.96954965181,,91231.0,0.0,
2025-02-03 04:00:00+00:00,94038.75,95426.63,92646.36,95333.01,7783.318,97243.97026779622,99463.64071080161,,0.0,0.0,
2025-02-03 08:00:00+00:00,95333.01,95950.68,94799.29,95107.89,6292.62471,96709.95020084716,98979.66840960144,,0.0,0.0,
2025-02-03 12:00:00+00:00,95107.89,99500.0,94131.14,98842.0,14148.56207,97242.96265063537,98964.37191964572,,0.0,0.0,
2025-02-03 16:00:00+00:00,98842.0,101880.0,98038.58,101880.0,10494.44455,98402.22198797652,99288.33059524064,,0.0,0.0,
2025-02-03 20:00:00+00:00,101879.99,102500.01,100918.0,101328.52,6716.29807,99133.7964909824,99515.01830688056,,0.0,102500.01,
2025-02-04 00:00:00+00:00,101328.51,101732.31,100534.03,100629.7,3827.79756,99507.7723682368,99638.87182833828,,0.0,0.0,
2025-02-04 04:00:00+00:00,100629.7,100764.11,98229.82,98448.02,7495.21052,99242.8342761776,99506.55495852292,,0.0,0.0,
2025-02-04 08:00:00+00:00,98448.01,99445.17,97860.0,98967.7,4539.23391,99174.0507071332,99446.6821853537,,97860.0,0.0,
2025-02-04 12:00:00+00:00,98967.7,100415.0,98275.98,99347.19,8422.36725,99217.3355303499,99435.62749809217,,0.0,0.0,
2025-02-04 16:00:00+00:00,99347.18,100777.93,98778.58,98859.77,6617.95049,99127.94414776242,99371.64333163749,,0.0,100777.93,
2025-02-04 20:00:00+00:00,98859.78,99444.02,96150.0,97763.13,9365.42724,98786.74061082181,99192.91962812221,,96150.0,0.0,
2025-02-05 00:00:00+00:00,97763.14,98930.44,97131.43,98040.0,4039.38442,98600.05545811636,99064.81744721974,,0.0,0.0,
2025-02-05 04:00:00+00:00,98040.01,98332.41,97352.77,97864.43,3233.50156,98416.14909358727,98931.44106419533,,0.0,0.0,
2025-02-05 08:00:00+00:00,97864.43,98256.0,97257.05,98198.0,3128.59694,98361.61182019045,98849.94761261807,,0.0,0.0,
2025-02-05 12:00:00+00:00,98198.0,99149.0,97734.69,98116.24,5192.00486,98300.26886514283,98768.42454454939,,0.0,99149.0,
2025-02-05 16:00:00+00:00,98116.24,98277.02,96500.0,97370.0,4822.00148,98067.70164885712,98613.04403959945,,0.0,0.0,
2025-02-05 20:00:00+00:00,97370.0,97706.37,96155.0,96612.43,5817.81518,97703.88373664283,98390.75359075506,,96155.0,0.0,
2025-02-06 00:00:00+00:00,96612.44,97493.07,96430.78,97355.67,2552.15194,97616.83030248212,98275.74430289339,,0.0,0.0,
2025-02-06 04:00:00+00:00,97355.66,98436.61,97273.71,98195.61,2075.46063,97761.52522686159,98266.8404914608,,0.0,0.0,
2025-02-06 08:00:00+00:00,98195.6,99120.0,97910.01,98877.99,2729.43375,98040.64142014619,98334.7459924096,,0.0,99120.0,
2025-02-06 12:00:00+00:00,98877.99,99040.09,96930.17,97333.09,6201.57209,97863.75356510964,98223.45088214187,,0.0,0.0,
2025-02-06 16:00:00+00:00,97333.09,97547.71,95676.64,95983.0,6034.55958,97393.56517383223,97974.51189523721,,95676.64,0.0,
2025-02-06 20:00:00+00:00,95982.99,97093.5,95800.0,96554.35,3922.02606,97183.76138037417,97816.71612909975,,0.0,0.0,
2025-02-07 00:00:00+00:00,96554.35,97805.6,96409.65,97444.04,3156.6758,97248.83103528063,97775.30767031088,,0.0,0.0,
2025-02-07 04:00:00+00:00,97444.04,97883.12,96566.0,96757.05,2473.49968,97125.88577646048,97662.16792916523,,0.0,0.0,
2025-02-07 08:00:00+00:00,96757.04,97750.0,96613.24,97750.0,2223.55235,97281.91433234536,97671.92704814687,,0.0,0.0,
2025-02-07 12:00:00+00:00,97749.99,100137.99,97165.51,98283.98,12394.34552,97532.43074925902,97739.93293168611,,0.0,100137.99,
2025-02-07 16:00:00+00:00,98283.98,98563.55,96856.78,96898.56,6759.22647,97373.96306194426,97646.44705038765,,0.0,0.0,
2025-02-07 20:00:00+00:00,96898.56,96944.1,95620.34,96506.8,4786.92083,97157.1722964582,97519.81960034458,,95620.34,0.0,
2025-02-08 00:00:00+00:00,96506.8,96880.0,96335.42,96699.23,2006.38123,97042.68672234364,97428.64297808407,,0.0,0.0,
2025-02-08 04:00:00+00:00,96699.24,96699.24,95785.09,96209.92,1789.48604,96834.49504175773,97293.22931385251,,0.0,0.0,
2025-02-08 08:00:00+00:00,96209.92,96293.48,95865.71,96120.0,1164.01705,96655.87128131831,97162.87050120224,,0.0,0.0,
2025-02-08 12:00:00+00:00,96120.0,96517.52,95688.0,95843.74,2499.53256,96452.83846098873,97016.3004455131,,95688.0,0.0,
2025-02-08 16:00:00+00:00,95843.74,96750.0,95749.88,96579.99,1536.63554,96484.62634574155,96967.82150712276,,0.0,0.0,
2025-02-08 20:00:00+00:00,96579.99,96712.0,96358.5,96444.74,1151.19052,96474.65475930617,96909.70133966468,,0.0,0.0,
2025-02-09 00:00:00+00:00,96444.75,97300.0,96360.14,97300.0,2064.373,96680.99106947963,96953.06785747972,,0.0,0.0,
2025-02-09 04:00:00+00:00,97299.99,97323.09,96777.77,97057.83,1130.18566,96775.20080210973,96964.70809553753,,0.0,97323.09,
2025-02-09 08:00:00+00:00,97057.83,97294.46,96509.96,96554.01,1810.78846,96719.9031015823,96919.07497381113,,0.0,0.0,
2025-02-09 12:00:00+00:00,96554.01,96703.99,95700.0,96488.15,3215.85687,96661.96482618673,96871.19442116545,,0.0,0.0,
2025-02-09 16:00:00+00:00,96488.14,96567.8,95888.88,96064.74,1504.3182,96512.65861964005,96781.58837436928,,0.0,0.0,
2025-02-09 20:00:00+00:00,96064.73,96760.0,94713.0,96462.75,4395.39394,96500.18146473003,96746.16188832825,,94713.0,0.0,
2025-02-10 00:00:00+00:00,96462.75,97131.47,95256.0,96814.98,4441.97007,96578.88109854753,96753.80834518066,,0.0,0.0,
2025-02-10 04:00:00+00:00,96814.97,97640.02,96632.81,97429.83,3716.17533,96791.61832391065,96828.9218623828,,0.0,0.0,
2025-02-10 08:00:00+00:00,97429.83,97954.69,97358.79,97661.16,3520.47325,97009.00374293298,96921.3927665625,,0.0,0.0,1.0
2025-02-10 12:00:00+00:00,97661.15,98345.0,96866.66,97218.69,4536.33685,97061.42530719974,96954.4257925,,0.0,98345.0,
2025-02-10 16:00:00+00:00,97218.68,97643.29,96866.39,97376.0,2785.34059,97140.06898039981,97001.26737111111,,96866.39,0.0,
2025-02-10 20:00:00+00:00,97376.0,97490.71,97128.79,97430.82,1572.57928,97212.75673529986,97048.99544098765,,0.0,0.0,
2025-02-11 00:00:00+00:00,97430.82,98149.92,97416.62,97607.3,2024.92177,97311.3925514749,97111.02928087792,,0.0,0.0,
2025-02-11 04:00:00+00:00,97607.31,98478.42,97558.99,98268.97,2586.68133,97550.78691360618,97239.68936078038,,0.0,98478.42,
2025-02-11 08:00:00+00:00,98268.98,98330.0,97885.62,98151.52,1703.70026,97700.97018520464,97341.00387624923,,0.0,0.0,
2025-02-11 12:00:00+00:00,98151.51,98158.89,96595.33,97007.53,4245.10245,97527.61013890349,97303.95122333265,,0.0,0.0,
2025-02-11 16:00:00+00:00,97007.54,97045.53,94876.88,95040.82,4884.73711,96905.91260417762,97052.49219851791,,94876.88,0.0,
2025-02-11 20:00:00+00:00,95040.81,96512.7,94928.47,95778.2,3202.62087,96623.98445313322,96910.90417646036,,0.0,0.0,
2025-02-12 00:00:00+00:00,95778.21,96263.99,95100.0,95299.27,2407.32134,96292.80583984991,96731.8337124092,,0.0,0.0,
2025-02-12 04:00:00+00:00,95299.28,96188.68,95267.71,96069.58,1939.80551,96236.99937988743,96658.24996658597,,0.0,0.0,
2025-02-12 08:00:00+00:00,96069.58,96469.78,95913.49,96094.65,2296.45775,96201.41203491557,96595.62774807641,,0.0,0.0,
2025-02-12 12:00:00+00:00,96094.65,96631.66,94088.23,95816.18,11805.54003,96105.10402618667,96509.02244273458,,94088.23,0.0,
2025-02-12 16:00:00+00:00,95816.18,97700.0,95120.3,97205.06,6689.55876,96380.09301964,96586.3599490974,,0.0,0.0,
2025-02-12 20:00:00+00:00,97205.06,98119.99,96854.97,97869.99,4012.48286,96752.56726473,96728.9855103088,,0.0,98119.99,1.0
2025-02-13 00:00:00+00:00,97870.0,98083.91,97367.45,97498.42,2127.33742,96939.03044854749,96814.4782313856,,0.0,0.0,
2025-02-13 04:00:00+00:00,97498.43,97564.83,95800.0,96070.23,3383.93788,96721.83033641061,96731.78398345386,,0.0,0.0,
2025-02-13 08:00:00+00:00,96070.23,96336.0,95599.57,95925.11,3154.64728,96522.65025230795,96642.15354084788,,0.0,0.0,
2025-02-13 12:00:00+00:00,95925.12,96480.06,95336.0,95998.0,5428.60469,96391.48768923097,96570.58092519811,,0.0,0.0,
2025-02-13 16:00:00+00:00,95998.0,96361.58,95217.36,95627.76,3689.67744,96200.55576692322,96465.82304462054,,95217.36,0.0,
2025-02-13 20:00:00+00:00,95627.75,96774.71,95600.0,96608.14,2137.57145,96302.45182519242,96481.6360396627,,0.0,0.0,
2025-02-14 00:00:00+00:00,96608.13,97190.0,96356.41,97129.98,1805.7947,96509.33386889432,96553.67425747795,,0.0,0.0,
2025-02-14 04:00:00+00:00,97129.98,97248.6,96561.36,96944.09,1782.53303,96618.02290167075,96597.05378442485,,0.0,0.0,1.0
2025-02-14 08:00:00+00:00,96944.09,97196.0,96799.99,96887.56,1758.38512,96685.40717625307,96629.33225282209,,0.0,0.0,
2025-02-14 12:00:00+00:00,96887.55,97568.28,96252.82,96924.39,3999.36783,96745.1528821898,96662.11644695296,,96252.82,0.0,
2025-02-14 16:00:00+00:00,96924.57,98826.0,96494.17,97940.45,6009.55921,97043.97716164234,96804.15350840263,,0.0,98826.0,
2025-02-14 20:00:00+00:00,97940.44,98264.85,96697.56,97500.48,2817.38657,97158.10287123175,96881.52311858011,,0.0,0.0,
2025-02-15 00:00:00+00:00,97500.47,97972.26,97223.58,97653.19,1506.43225,97281.87465342382,96967.26388318231,,0.0,0.0,
2025-02-15 04:00:00+00:00,97653.19,97780.73,97345.5,97346.26,1029.42986,97297.97099006786,97009.37456282873,,0.0,0.0,
2025-02-15 08:00:00+00:00,97346.27,97731.09,97301.77,97615.59,874.17838,97377.3757425509,97076.73183362554,,0.0,0.0,
2025-02-15 12:00:00+00:00,97615.59,97962.51,97426.57,97633.22,2009.35817,97441.33680691317,97138.56385211159,,0.0,97962.51,
2025-02-15 16:00:00+00:00,97633.21,97714.39,97304.38,97531.9,921.83788,97463.97760518487,97182.26786854364,,0.0,0.0,
2025-02-15 20:00:00+00:00,97531.91,97741.35,97414.05,97569.66,1008.14029,97490.39820388866,97225.31143870545,,0.0,0.0,
2025-02-16 00:00:00+00:00,97569.67,97704.47,97411.11,97547.17,935.38493,97504.59115291649,97261.07350107151,,0.0,0.0,
2025-02-16 04:00:00+00:00,97547.17,97682.04,97212.0,97248.98,746.42703,97440.68836468736,97259.72977873024,,0.0,0.0,
2025-02-16 08:00:00+00:00,97248.98,97388.89,97061.58,97336.0,1186.96965,97414.51627351552,97268.20424776021,,0.0,0.0,
2025-02-16 12:00:00+00:00,97335.99,97336.0,96645.35,96911.01,1883.07426,97288.63970513664,97228.51599800907,,0.0,0.0,
2025-02-16 16:00:00+00:00,96911.01,97169.15,96609.05,97058.47,1187.57052,97231.09727885248,97209.62199823029,,0.0,0.0,
2025-02-16 20:00:00+00:00,97058.47,97282.38,96046.18,96118.12,2251.99851,96952.85295913936,97088.34399842692,,0.0,0.0,
2025-02-17 00:00:00+00:00,96118.12,96638.05,96023.17,96215.33,1866.57226,96768.47221935452,96991.34244304615,,0.0,0.0,
2025-02-17 04:00:00+00:00,96215.32,96463.2,95800.0,96068.22,2725.98131,96593.40916451589,96888.77328270768,,0.0,0.0,
2025-02-17 08:00:00+00:00,96068.21,96395.68,95937.05,96063.18,2282.57983,96460.85187338691,96797.04069574016,,0.0,0.0,
2025-02-17 12:00:00+00:00,96063.17,97046.59,95564.0,95659.46,4434.60458,96260.50390504018,96670.64284065792,,0.0,97046.59,
2025-02-17 16:00:00+00:00,95659.45,95945.49,95205.0,95531.36,3482.13274,96078.21792878014,96544.0558583626,,95205.0,0.0,
2025-02-17 20:00:00+00:00,95531.36,96413.43,95488.9,95780.0,1700.17438,96003.66344658511,96459.16076298898,,0.0,0.0,
2025-02-18 00:00:00+00:00,95780.01,96322.97,95538.01,96200.0,1602.3437,96052.74758493883,96430.36512265686,,0.0,0.0,
2025-02-18 04:00:00+00:00,96200.0,96300.73,95254.12,95456.93,3176.48546,95903.79318870412,96322.20566458387,,0.0,0.0,
2025-02-18 08:00:00+00:00,95456.92,95872.17,95050.0,95640.34,2483.18123,95837.9298915281,96246.44281296345,,0.0,0.0,
2025-02-18 12:00:00+00:00,95640.35,96753.91,95200.0,95546.48,4474.04458,95765.06741864607,96168.66916707862,,0.0,96753.91,
2025-02-18 16:00:00+00:00,95546.49,95633.15,93388.09,94104.14,6846.15491,95349.83556398455,95939.27703740323,,93388.09,0.0,
2025-02-18 20:00:00+00:00,94104.15,95685.0,93730.72,95671.74,4785.98483,95430.31167298842,95909.55069991398,,0.0,0.0,
2025-02-19 00:00:00+00:00,95671.74,95961.54,95055.0,95710.26,2158.62817,95500.29875474132,95887.40728881242,,0.0,0.0,
2025-02-19 04:00:00+00:00,95710.25,95846.15,95029.99,95687.71,3441.18957,95547.151566056,95865.2187011666,,0.0,0.0,
2025-02-19 08:00:00+00:00,95687.71,96468.99,95616.6,96422.6,2411.90713,95766.013674542,95927.14995659253,,0.0,0.0,
2025-02-19 12:00:00+00:00,96422.6,96700.0,95536.36,95943.74,3550.14153,95810.4452559065,95928.99329474891,,0.0,0.0,
2025-02-19 16:00:00+00:00,95943.74,96480.0,95407.41,96206.54,2763.82004,95909.46894192987,95959.83181755459,,95407.41,0.0,
2025-02-19 20:00:00+00:00,96206.54,96899.99,96058.38,96644.37,2112.8231,96093.1942064474,96035.89161560408,,0.0,0.0,1.0
2025-02-20 00:00:00+00:00,96644.37,97362.83,96415.09,97055.25,2723.25483,96333.70815483555,96149.15365831474,,0.0,0.0,
2025-02-20 04:00:00+00:00,97055.24,97339.11,96781.57,96867.92,2341.17162,96467.26111612667,96229.01658516866,,0.0,0.0,
2025-02-20 08:00:00+00:00,96867.92,97384.03,96801.61,97207.92,1589.77673,96652.425837095,96337.78363126103,,0.0,0.0,
2025-02-20 12:00:00+00:00,97207.93,98062.15,96799.42,96903.77,4401.17328,96715.26187782125,96400.67100556537,,0.0,0.0,
2025-02-20 16:00:00+00:00,96903.76,98518.0,96888.0,98422.8,3819.64673,97142.14640836594,96625.352004947,,0.0,0.0,
2025-02-20 20:00:00+00:00,98422.8,98711.36,98000.0,98305.0,2182.36858,97432.85980627446,96811.97955995289,,0.0,98711.36,
2025-02-21 00:00:00+00:00,98305.01,98505.0,98084.06,98141.99,2303.6398,97610.14235470584,96959.75849773591,,0.0,0.0,
2025-02-21 04:00:00+00:00,98141.99,98610.17,98117.73,98179.76,2056.48148,97752.54676602938,97095.3142202097,,0.0,0.0,
2025-02-21 08:00:00+00:00,98179.77,98896.81,98111.11,98629.3,3470.69828,97971.73507452203,97265.75708463084,,0.0,0.0,
2025-02-21 12:00:00+00:00,98629.31,99475.0,97177.31,98104.04,8919.82124,98004.81130589152,97358.89963078297,,0.0,99475.0,
2025-02-21 16:00:00+00:00,98104.04,98757.0,95247.15,95285.11,9442.11583,97324.88597941864,97128.47856069596,,0.0,0.0,
2025-02-21 20:00:00+00:00,95285.11,96202.68,94871.95,96181.98,6056.52477,97039.15948456398,97023.31205395197,,94871.95,0.0,
2025-02-22 00:00:00+00:00,96181.99,96455.97,95770.49,96299.07,2247.9764,96854.13711342298,96942.84071462398,,0.0,0.0,
2025-02-22 04:00:00+00:00,96299.08,96578.99,96273.85,96288.09,1394.90999,96712.62533506723,96870.0906352213,,0.0,0.0,
2025-02-22 08:00:00+00:00,96288.09,96611.53,96151.0,96580.0,2059.63477,96679.46900130043,96837.85834241894,,0.0,0.0,
2025-02-22 12:00:00+00:00,96580.0,96980.0,96485.37,96592.0,2290.85469,96657.60175097533,96810.54074881684,,0.0,96980.0,
2025-02-22 16:00:00+00:00,96592.01,96823.53,96345.49,96639.99,2305.94545,96653.1988132315,96791.59066561497,,0.0,0.0,
2025-02-22 20:00:00+00:00,96640.0,96700.0,96472.22,96551.01,968.85578,96627.65160992363,96764.85948054664,,0.0,0.0,
2025-02-23 00:00:00+00:00,96551.01,96650.0,96355.17,96414.0,1326.63672,96574.23870744272,96725.87509381924,,0.0,0.0,
2025-02-23 04:00:00+00:00,96414.0,96558.01,96143.99,96508.85,1245.52389,96557.89153058204,96701.76119450599,,0.0,0.0,
2025-02-23 08:00:00+00:00,96508.85,96508.86,96083.33,96115.99,1223.25286,96447.41614793653,96636.67550622755,,0.0,0.0,
2025-02-23 12:00:00+00:00,96115.99,96158.5,95414.25,95436.18,2752.94714,96194.60711095239,96503.28711664671,,0.0,0.0,
2025-02-23 16:00:00+00:00,95436.19,95876.0,95227.94,95755.99,2646.03752,96084.9528332143,96420.25410368596,,95227.94,0.0,
2025-02-23 20:00:00+00:00,95756.0,96332.44,95522.78,96258.0,1690.451,96128.21462491072,96402.22586994308,,0.0,0.0,
2025-02-24 00:00:00+00:00,96258.0,96500.0,95311.0,95433.21,2641.40258,95954.46346868304,96294.5574399494,,0.0,96500.0,
2025-02-24 04:00:00+00:00,95433.21,95945.0,95078.01,95872.02,3077.64753,95933.85260151228,96247.60883551059,,0.0,0.0,
2025-02-24 08:00:00+00:00,95872.02,96177.18,95355.0,95821.45,3284.07984,95905.75195113421,96200.25785378719,,0.0,0.0,
2025-02-24 12:00:00+00:00,95821.45,96095.32,93817.06,94323.95,7573.60951,95510.30146335065,95991.77920336639,,0.0,0.0,
2025-02-24 16:00:00+00:00,94323.95,95194.59,93666.22,93943.51,5598.80012,95118.60359751299,95764.19373632567,,0.0,0.0,
2025-02-24 20:00:00+00:00,93943.52,94571.43,91349.26,91552.88,9374.56341,94227.17269813475,95296.26998784504,,0.0,0.0,
2025-02-25 00:00:00+00:00,91552.88,92540.69,90912.01,92153.93,8746.45217,93708.86202360106,94947.1211003067,,0.0,0.0,
2025-02-25 04:00:00+00:00,92153.93,92327.88,88200.0,89320.01,14740.56517,92611.6490177008,94321.88653360595,,0.0,0.0,
2025-02-25 08:00:00+00:00,89320.01,90000.0,86888.1,89239.39,17685.20523,91768.5842632756,93757.16469653863,,0.0,0.0,
2025-02-25 12:00:00+00:00,89239.39,89544.4,86050.99,87231.26,18057.2139,90634.2531974567,93032.06417470101,,86050.99,0.0,
2025-02-25 16:00:00+00:00,87231.63,88065.45,86157.69,87947.25,10667.84575,89962.50239809252,92467.08482195645,,0.0,0.0,
2025-02-25 20:00:00+00:00,87947.24,89460.17,87622.64,88680.4,8435.82889,89641.97679856939,92046.34206396129,,0.0,0.0,
2025-02-26 00:00:00+00:00,88680.39,89414.15,88148.48,88900.0,3505.34849,89456.48259892705,91696.74850129892,,0.0,0.0,
2025-02-26 04:00:00+00:00,88900.01,89245.29,88392.45,88720.02,3843.49941,89272.36694919529,91366.00089004349,,0.0,0.0,
2025-02-26 08:00:00+00:00,88720.01,89314.45,88138.0,88616.8,4175.40587,89108.47521189647,91060.5341244831,,0.0,0.0,
2025-02-26 12:00:00+00:00,88616.8,88674.0,85418.72,87567.53,13226.48272,88723.23890892236,90672.4225550961,,0.0,0.0,
2025-02-26 16:00:00+00:00,87567.53,87806.62,83418.0,83856.99,17635.66389,87506.67668169177,89915.15227119654,,0.0,0.0,
2025-02-26 20:00:00+00:00,83856.98,85400.0,82256.01,84250.09,14507.14371,86692.53001126883,89285.70090773025,,82256.01,0.0,
2025-02-27 00:00:00+00:00,84250.09,85466.55,84026.96,85226.32,6905.3983,86325.97750845161,88834.6585846491,,0.0,0.0,
2025-02-27 04:00:00+00:00,85226.32,86737.0,84694.29,86272.01,5489.64417,86312.48563133871,88549.91985302143,,0.0,0.0,
2025-02-27 08:00:00+00:00,86272.01,87078.46,85846.87,86698.6,4102.58827,86409.01422350404,88344.21764713016,,0.0,87078.46,
2025-02-27 12:00:00+00:00,86698.6,86795.9,84640.75,85500.84,12382.79075,86181.97066762803,88028.28679744904,,0.0,0.0,
2025-02-27 16:00:00+00:00,85500.84,85691.51,83614.75,84113.98,6757.93459,85664.97300072102,87593.3638199547,,0.0,0.0,
2025-02-27 20:00:00+00:00,84113.98,84927.84,82716.49,84708.58,6867.09831,85425.87475054077,87272.83228440418,,0.0,0.0,
2025-02-28 00:00:00+00:00,84708.57,84892.85,79532.0,80452.44,24103.21319,84182.51606290558,86515.01091947038,,0.0,0.0,
2025-02-28 04:00:00+00:00,80452.89,80969.69,78820.06,79204.59,17998.86851,82938.03454717918,85702.74192841812,,0.0,0.0,
2025-02-28 08:00:00+00:00,79204.6,80854.46,78258.52,80513.38,11953.82317,82331.87091038439,85126.14615859388,,78258.52,0.0,
2025-02-28 12:00:00+00:00,80512.97,84425.89,80075.47,84005.05,15625.08311,82750.1656827883,85001.57991875011,,0.0,0.0,
2025-02-28 16:00:00+00:00,84005.05,85120.0,83196.71,84449.99,9640.81267,83175.12176209122,84940.2921500001,,0.0,0.0,
2025-02-28 20:00:00+00:00,84450.0,84795.03,83600.0,84349.94,4326.23904,83468.82632156841,84874.69746666675,,0.0,0.0,
2025-03-01 00:00:00+00:00,84349.95,85678.11,83824.78,85330.84,5097.79792,83934.3297411763,84925.37997037044,,0.0,0.0,
2025-03-01 04:00:00+00:00,85330.83,86558.0,84740.15,84740.15,7178.39161,84135.78480588223,84904.7988625515,,0.0,86558.0,
2025-03-01 08:00:00+00:00,84740.16,85508.79,84382.62,84632.79,4837.66151,84260.03610441167,84874.57565560134,,0.0,0.0,
2025-03-01 12:00:00+00:00,84632.79,84943.08,84334.39,84800.0,3556.79693,84395.02707830875,84866.28947164564,,84334.39,0.0,
2025-03-01 16:00:00+00:00,84800.01,85591.84,84700.0,85485.41,2835.4461,84667.62280873157,84935.08064146279,,0.0,0.0,
2025-03-01 20:00:00+00:00,85485.41,86262.74,85285.88,86064.53,2278.96057,85016.84960654867,85060.57501463359,,0.0,0.0,
2025-03-02 00:00:00+00:00,86064.54,86498.0,85611.79,85873.07,2403.83782,85230.9047049115,85150.85223522986,,0.0,0.0,1.0
2025-03-02 04:00:00+00:00,85873.06,86589.97,85531.87,86232.42,2216.14356,85481.28352868362,85271.02643131543,,0.0,0.0,
2025-03-02 08:00:00+00:00,86232.42,86263.23,85633.13,86105.89,2080.95926,85637.43514651271,85363.78905005816,,0.0,0.0,
2025-03-02 12:00:00+00:00,86105.88,88673.09,85050.6,87427.99,9943.16012,86085.07385988453,85593.14471116281,,85050.6,0.0,
2025-03-02 16:00:00+00:00,87428.0,95000.0,87278.51,93522.0,30318.42056,87944.3053949134,86474.12863214471,,0.0,95000.0,
2025-03-02 20:00:00+00:00,93522.01,94883.51,93502.0,94270.0,7926.56913,89525.72904618505,87340.33656190641,,0.0,0.0,
2025-03-03 00:00:00+00:00,94269.99,94416.46,92433.5,92709.98,6622.76466,90321.79178463879,87936.96361058348,,0.0,0.0,
2025-03-03 04:00:00+00:00,92709.98,93361.46,91181.0,92363.58,5852.51871,90832.2388384791,88428.8098760742,,0.0,0.0,
2025-03-03 08:00:00+00:00,92363.58,92917.99,91142.0,92739.99,6314.25279,91309.17662885932,88907.82988984374,,0.0,0.0,
2025-03-03 12:00:00+00:00,92740.0,93721.37,89117.0,90035.37,14548.25192,90990.7249716445,89033.11212430554,,0.0,93721.37,
2025-03-03 16:00:00+00:00,90035.38,91000.0,85555.45,85606.0,16115.70068,89644.54372873338,88652.32188827159,,0.0,0.0,
2025-03-03 20:00:00+00:00,85606.01,87038.46,85117.11,86220.61,9717.61342,88788.56029655003,88382.13167846363,,0.0,0.0,
2025-03-04 00:00:00+00:00,86221.16,86807.98,82464.84,83983.72,13267.80873,87587.35022241253,87893.41926974544,,82464.84,0.0,
2025-03-04 04:00:00+00:00,83983.73,84581.6,83140.0,83186.4,4955.79624,86487.1126668094,87370.41712866261,,0.0,0.0,
2025-03-04 08:00:00+00:00,83186.4,84373.84,83040.29,83937.94,4466.29804,85849.81950010704,86989.03078103343,,0.0,0.0,
2025-03-04 12:00:00+00:00,83937.93,84977.65,81500.0,82985.06,14268.19869,85133.62962508028,86544.14513869639,,81500.0,0.0,
2025-03-04 16:00:00+00:00,82985.05,88487.91,82013.11,88206.19,12128.06081,85901.76971881022,86728.81678995234,,0.0,0.0,
2025-03-04 20:00:00+00:00,88206.19,88967.52,86582.27,87281.98,6522.94455,86246.82228910766,86790.27936884652,,0.0,88967.52,
2025-03-05 00:00:00+00:00,87281.98,87888.88,86334.53,86843.4,4769.77721,86395.96671683074,86796.1816611969,,0.0,0.0,
2025-03-05 04:00:00+00:00,86843.4,87727.27,86722.81,87619.49,3883.84662,86701.84753762305,86887.66036550836,,0.0,0.0,
2025-03-05 08:00:00+00:00,87619.49,90660.0,87600.0,89814.26,6751.29829,87479.95065321728,87212.8381026741,,0.0,0.0,1.0
2025-03-05 12:00:00+00:00,89814.26,90933.82,87926.06,88344.25,12224.27232,87696.02548991296,87338.55053571031,,0.0,0.0,
2025-03-05 16:00:00+00:00,88344.25,90475.3,87600.0,89750.0,7755.99208,88209.51911743473,87606.48936507583,,87600.0,0.0,
2025-03-05 20:00:00+00:00,89750.0,91000.0,89677.8,90606.01,2878.82511,88808.64183807604,87939.76943562296,,0.0,0.0,
2025-03-06 00:00:00+00:00,90606.0,92025.0,89986.73,91605.01,5338.79627,89507.73387855703,88347.0183872204,,0.0,0.0,
2025-03-06 04:00:00+00:00,91605.02,92810.64,91265.96,91346.48,4492.39994,89967.42040891777,88680.29189975148,,0.0,92810.64,
2025-03-06 08:00:00+00:00,91346.49,91667.5,90613.17,91350.0,3894.92912,90313.06530668832,88976.92613311243,,0.0,0.0,
2025-03-06 12:00:00+00:00,91350.0,91457.03,89117.68,90820.69,8433.9883,90439.97148001625,89181.78878498882,,0.0,0.0,
2025-03-06 16:00:00+00:00,90820.69,91066.44,87836.0,88526.18,7147.7059,89961.52361001218,89108.94336443451,,0.0,0.0,
2025-03-06 20:00:00+00:00,88526.23,90781.2,88461.22,89931.89,5034.62949,89954.11520750914,89200.38187949735,,0.0,0.0,
2025-03-07 00:00:00+00:00,89931.88,91283.02,84667.03,86991.25,18693.33541,89213.39890563185,88954.92278177541,,84667.03,91283.02,
2025-03-07 04:00:00+00:00,86991.26,88612.96,86857.14,88365.18,3950.73454,89001.34417922389,88889.39580602259,,0.0,0.0,
2025-03-07 08:00:00+00:00,88365.19,89704.0,87985.3,88966.96,3368.87599,88992.74813441793,88898.01404979786,,0.0,0.0,
2025-03-07 12:00:00+00:00,88966.96,91100.0,88022.47,88457.99,12333.35824,88859.05860081344,88849.12248870921,,0.0,91100.0,
2025-03-07 16:00:00+00:00,88457.99,89023.41,86554.77,87820.1,11414.32329,88599.31895061009,88734.78665663041,,0.0,0.0,
2025-03-07 20:00:00+00:00,87820.09,88511.0,85573.07,86801.75,8219.72966,88149.92671295756,88520.0048058937,,0.0,0.0,
2025-03-08 00:00:00+00:00,86801.74,86897.25,85218.47,85919.12,3430.23845,87592.22503471817,88231.01760523884,,85218.47,0.0,
2025-03-08 04:00:00+00:00,85919.12,86662.0,85653.66,86197.14,1971.12967,87243.45377603863,88005.03120465674,,0.0,0.0,
2025-03-08 08:00:00+00:00,86197.14,86450.01,85762.72,85955.88,1775.33163,86921.56033202898,87777.34773747266,,0.0,0.0,
2025-03-08 12:00:00+00:00,85955.89,86627.51,85808.82,86400.0,2447.16492,86791.17024902173,87624.3090999757,,0.0,0.0,
2025-03-08 16:00:00+00:00,86400.0,86500.0,85661.76,86233.52,2221.39349,86651.7576867663,87469.77697775618,,85661.76,0.0,
2025-03-08 20:00:00+00:00,86233.52,86500.0,85852.12,86222.45,1143.97238,86544.43076507472,87331.18509133882,,0.0,0.0,
2025-03-09 00:00:00+00:00,86222.46,86500.0,85939.85,86115.71,1223.4792,86437.25057380604,87196.13230341229,,0.0,86500.0,
2025-03-09 04:00:00+00:00,86115.71,86158.83,85809.48,86004.61,1375.32537,86329.09043035452,87063.74093636648,,0.0,0.0,
2025-03-09 08:00:00+00:00,86004.61,86098.0,84625.01,85024.01,2983.48178,86002.8203227659,86837.1041656591,,0.0,0.0,
2025-03-09 12:00:00+00:00,85024.0,85058.34,82711.5,83080.41,6724.19753,85272.21774207443,86419.69370280809,,0.0,0.0,
2025-03-09 16:00:00+00:00,83080.4,83758.22,82223.0,82640.86,6255.15784,84614.37830655582,85999.82329138496,,0.0,0.0,
2025-03-09 20:00:00+00:00,82640.86,83539.66,80000.0,80734.37,7553.75173,83644.37622991687,85414.77292567553,,80000.0,0.0,
2025-03-10 00:00:00+00:00,80734.48,82744.0,80037.62,82047.49,6631.01803,83245.15467243765,85040.63037837825,,0.0,0.0,
2025-03-10 04:00:00+00:00,82047.49,82797.95,81977.27,82318.77,2861.97669,83013.55850432825,84738.20144744734,,0.0,0.0,
2025-03-10 08:00:00+00:00,82318.78,84123.46,81151.0,83582.0,6692.07202,83155.66887824619,84609.73461995319,,0.0,84123.46,
2025-03-10 12:00:00+00:00,83582.0,83771.94,79177.03,80043.85,12861.56913,82377.71415868464,84102.41410662506,,0.0,0.0,
2025-03-10 16:00:00+00:00,80043.84,80250.0,77459.91,79060.84,13469.61921,81548.49561901348,83542.23920588894,,0.0,0.0,
2025-03-10 20:00:00+00:00,79060.84,79886.03,78409.4,78595.86,5117.12897,80810.3367142601,82992.64151634573,,0.0,0.0,
2025-03-11 00:00:00+00:00,78595.86,79938.27,76606.0,79522.29,11122.24369,80488.32503569507,82607.04690341842,,76606.0,0.0,
2025-03-11 04:00:00+00:00,79522.29,80614.89,79439.9,80424.95,4567.35903,80472.4812767713,82364.59169192749,,0.0,0.0,
2025-03-11 08:00:00+00:00,80424.94,82092.34,80325.22,81720.34,5598.25972,80784.44595757847,82293.00817060222,,0.0,0.0,
2025-03-11 12:00:00+00:00,81720.33,82225.21,79058.0,81232.24,16633.75229,80896.39446818386,82175.14504053531,,79058.0,0.0,
2025-03-11 16:00:00+00:00,81232.23,83617.4,80609.96,83104.01,8085.50399,81448.2983511379,82278.35225825361,,0.0,0.0,
2025-03-11 20:00:00+00:00,83104.01,83306.87,82550.52,82932.99,2762.94981,81819.47126335342,82351.08978511432,,0.0,0.0,
2025-03-12 00:00:00+00:00,82932.99,83783.26,82100.61,82127.72,4711.9387,81896.53344751507,82326.27092010163,,0.0,83783.26,
2025-03-12 04:00:00+00:00,82127.73,82541.47,81296.0,82447.79,4065.50034,82034.34758563631,82339.77304009034,,0.0,0.0,
2025-03-12 08:00:00+00:00,82447.78,83076.79,82000.29,83004.45,4874.62168,82276.87318922723,82413.62603563585,,0.0,0.0,
2025-03-12 12:00:00+00:00,83004.45,84539.85,80607.65,81738.97,11813.60583,82142.39739192043,82338.66425389853,,80607.65,84539.85,
2025-03-12 16:00:00+00:00,81738.97,83165.46,81626.64,82915.93,4215.51153,82335.78054394032,82402.80489235425,,0.0,0.0,
2025-03-12 20:00:00+00:00,82915.94,83887.26,82709.36,83680.12,2252.80792,82671.86540795524,82544.72879320377,,0.0,0.0,1.0
2025-03-13 00:00:00+00:00,83680.12,84336.33,83312.92,83577.14,3767.48722,82898.18405596643,82659.44114951446,,0.0,84336.33,
2025-03-13 04:00:00+00:00,83577.14,83709.03,82851.0,83151.99,3084.39535,82961.63554197483,82714.1687995684,,0.0,0.0,
2025-03-13 08:00:00+00:00,83152.0,83522.61,82400.04,82975.86,3199.56767,82965.19165648113,82743.24559961636,,0.0,0.0,
2025-03-13 12:00:00+00:00,82975.86,83900.0,80954.29,81044.72,7631.10248,82485.07374236084,82554.52053299232,,0.0,83900.0,
2025-03-13 16:00:00+00:00,81044.72,81264.73,79939.9,80211.4,7395.86973,81916.65530677063,82294.17380710428,,79939.9,0.0,
2025-03-13 20:00:00+00:00,80210.4,81484.23,80189.89,81115.78,2467.85167,81716.43648007797,82163.24116187046,,0.0,0.0,
2025-03-14 00:00:00+00:00,81115.78,82270.51,80818.84,81888.77,2746.60637,81759.51986005848,82132.74436610709,,0.0,0.0,
2025-03-14 04:00:00+00:00,81888.77,82454.5,81780.08,82170.85,2021.59745,81862.35239504387,82136.97832542853,,0.0,0.0,
2025-03-14 08:00:00+00:00,82170.84,83348.46,82170.84,83253.15,3340.43802,82210.0517962829,82260.99740038092,,0.0,0.0,
2025-03-14 12:00:00+00:00,83253.15,85309.71,82640.59,84724.58,11416.8729,82838.68384721217,82534.72880033859,,0.0,85309.71,1.0
2025-03-14 16:00:00+00:00,84724.58,84950.0,83949.19,84554.0,4662.53549,83267.51288540913,82759.09226696764,,0.0,0.0,
2025-03-14 20:00:00+00:00,84554.0,84554.01,83717.69,83983.2,2670.47732,83446.43466405684,82895.10423730456,,0.0,0.0,
2025-03-15 00:00:00+00:00,83983.19,84676.28,83964.57,84491.99,1801.07938,83707.82349804264,83072.53598871517,,0.0,0.0,
2025-03-15 04:00:00+00:00,84492.0,84559.0,83791.09,83827.31,1787.51614,83737.69512353197,83156.39976774681,,0.0,0.0,
2025-03-15 08:00:00+00:00,83827.32,84184.58,83618.0,84103.74,2551.69547,83829.20634264898,83261.65979355272,,83618.0,0.0,
2025-03-15 12:00:00+00:00,84103.74,84499.74,84010.58,84346.02,2795.90086,83958.40975698673,83382.14426093576,,0.0,0.0,
2025-03-15 16:00:00+00:00,84346.03,84498.72,84076.92,84299.98,1681.69068,84043.80231774005,83484.12600972068,,0.0,0.0,
2025-03-15 20:00:00+00:00,84299.99,84467.7,84237.58,84338.44,706.85067,84117.46173830504,83579.04978641839,,0.0,0.0,
2025-03-16 00:00:00+00:00,84338.44,84393.72,83733.86,84332.34,1213.99013,84171.18130372878,83662.74869903857,,0.0,0.0,
2025-03-16 04:00:00+00:00,84332.35,84418.0,83972.57,84273.96,964.71247,84196.87597779659,83730.66106581206,,0.0,0.0,
2025-03-16 08:00:00+00:00,84273.95,84335.43,82381.46,82410.02,2982.64569,83750.16198334744,83583.92316961072,,82381.46,0.0,
2025-03-16 12:00:00+00:00,82410.01,83508.95,82400.0,83320.83,3782.45365,83642.82898751058,83554.69059520953,,0.0,0.0,
2025-03-16 16:00:00+00:00,83320.83,85117.04,82562.36,83098.47,5881.93983,83506.73924063295,83503.99941796402,,0.0,85117.04,
2025-03-16 20:00:00+00:00,83098.47,83453.01,81981.12,82574.53,2770.38354,83273.68693047471,83400.72503819024,,81981.12,0.0,
2025-03-17 00:00:00+00:00,82574.52,83725.39,82523.0,83675.65,2140.41723,83374.17769785604,83431.2722561691,,0.0,0.0,
2025-03-17 04:00:00+00:00,83675.64,83869.77,82682.62,83567.87,2436.57299,83422.60077339203,83446.44978326143,,0.0,0.0,
2025-03-17 08:00:00+00:00,83567.88,83783.02,83220.11,83514.73,1904.26795,83445.63308004402,83454.03647401016,,0.0,0.0,
2025-03-17 12:00:00+00:00,83514.73,84000.0,82456.0,83531.06,5473.06801,83466.98981003302,83462.59464356459,,82456.0,0.0,1.0
2025-03-17 16:00:00+00:00,83531.07,84756.83,83103.6,84482.55,3834.07195,83720.87985752476,83575.92301650185,,0.0,84756.83,
2025-03-17 20:00:00+00:00,84482.55,84506.8,83746.12,84010.03,1426.34545,83793.16739314358,83624.15712577943,,0.0,0.0,
2025-03-18 00:00:00+00:00,84010.02,84021.74,82960.0,83147.6,2227.16043,83631.7755448577,83571.20633402615,,0.0,0.0,
2025-03-18 04:00:00+00:00,83147.6,83280.0,82244.68,83163.81,3791.82354,83514.78415864328,83525.94007468992,,0.0,0.0,
2025-03-18 08:00:00+00:00,83163.81,83452.3,82500.0,82581.1,1859.60834,83281.36311898247,83420.95784416882,,0.0,0.0,
2025-03-18 12:00:00+00:00,82581.09,82821.6,81134.66,81610.21,5242.8777,82863.57483923686,83219.76363926117,,81134.66,0.0,
2025-03-18 16:00:00+00:00,81610.22,82476.26,81245.65,82317.21,3040.4539,82726.98362942765,83119.47990156549,,0.0,0.0,
2025-03-18 20:00:00+00:00,82317.2,82810.95,81870.23,82715.03,1448.97492,82723.99522207073,83074.54102361377,,0.0,0.0,
2025-03-19 00:00:00+00:00,82715.03,83280.0,82547.16,83037.17,2751.69748,82802.28891655305,83070.38868765668,,0.0,0.0,
2025-03-19 04:00:00+00:00,83037.17,83364.16,82792.91,83190.0,1888.77416,82899.2166874148,83083.6788334726,,0.0,0.0,
2025-03-19 08:00:00+00:00,83190.0,84119.09,83178.74,83881.4,3556.56382,83144.7625155611,83172.3145186423,,0.0,0.0,
2025-03-19 12:00:00+00:00,83881.4,84888.0,83510.21,84733.05,5832.94768,83541.83438667083,83345.7295721265,,0.0,0.0,1.0
2025-03-19 16:00:00+00:00,84733.05,85950.0,83578.32,85433.38,9865.43804,84014.72079000312,83577.69073077911,,0.0,0.0,
2025-03-19 20:00:00+00:00,85433.38,87000.0,85200.1,86845.94,4255.63256,84722.52559250234,83940.82953847032,,0.0,0.0,
2025-03-20 00:00:00+00:00,86845.93,87453.67,85619.56,85891.02,4306.12355,85014.64919437675,84157.51736752917,,0.0,87453.67,
2025-03-20 04:00:00+00:00,85891.01,86013.05,85430.38,85816.39,2389.67499,85215.08439578256,84341.83654891483,,0.0,0.0,
2025-03-20 08:00:00+00:00,85816.39,86300.0,84755.14,85502.17,3049.10665,85286.85579683691,84470.7624879243,,0.0,0.0,
2025-03-20 12:00:00+00:00,85502.16,86532.04,84565.16,84691.76,5937.94941,85138.08184762768,84495.31776704382,,0.0,86532.04,
2025-03-20 16:00:00+00:00,84691.27,84908.0,83655.23,84174.79,4615.68665,84897.25888572076,84459.70357070562,,83655.23,0.0,
2025-03-20 20:00:00+00:00,84176.87,84609.21,83922.01,84223.39,1791.76338,84728.79166429056,84433.44650729389,,0.0,0.0,
2025-03-21 00:00:00+00:00,84223.38,84850.33,84180.09,84451.96,1402.80368,84659.58374821792,84435.50356203901,,0.0,0.0,
2025-03-21 04:00:00+00:00,84451.97,84798.93,83700.47,83937.98,2156.9138,84479.18281116344,84380.2231662569,,0.0,0.0,
2025-03-21 08:00:00+00:00,83937.99,84337.66,83732.09,84046.52,1486.42515,84371.01710837259,84343.1450366728,,0.0,0.0,
2025-03-21 12:00:00+00:00,84046.52,84358.51,83175.25,83565.48,3473.84885,84169.63283127944,84256.73781037582,,83175.25,0.0,
2025-03-21 16:00:00+00:00,83565.47,84435.87,83379.0,83956.36,2229.62892,84116.31462345958,84223.36249811185,,0.0,0.0,
2025-03-21 20:00:00+00:00,83956.35,84584.0,83813.21,84088.79,1207.35403,84109.43346759467,84208.40999832164,,0.0,84584.0,
2025-03-22 00:00:00+00:00,84088.79,84338.98,83989.58,84256.74,1006.94162,84146.260100696,84213.77999850812,,0.0,0.0,
2025-03-22 04:00:00+00:00,84256.73,84429.09,84153.21,84274.72,754.99674,84178.375075522,84220.551109785,,0.0,0.0,
2025-03-22 08:00:00+00:00,84274.71,84539.17,84109.0,84239.25,871.57177,84193.5938066415,84222.62876425333,,0.0,84539.17,
2025-03-22 12:00:00+00:00,84239.24,84296.39,83975.42,84109.09,1017.55631,84172.46785498112,84210.01334600296,,0.0,0.0,
2025-03-22 16:00:00+00:00,84109.08,84320.0,84063.53,84171.59,818.77482,84172.24839123584,84205.74408533596,,0.0,0.0,
2025-03-22 20:00:00+00:00,84171.59,84204.19,83625.1,83840.59,950.37988,84089.33379342688,84165.17140918752,,83625.1,0.0,
2025-03-23 00:00:00+00:00,83840.59,84277.07,83809.75,84224.39,735.1977,84123.09784507015,84171.75125261112,,0.0,0.0,
2025-03-23 04:00:00+00:00,84224.39,84328.24,84070.22,84279.82,537.08204,84162.27838380262,84183.75889120989,,0.0,0.0,
2025-03-23 08:00:00+00:00,84279.82,85027.32,84263.05,84679.99,1637.95361,84291.70628785196,84238.89568107546,,0.0,0.0,1.0
2025-03-23 12:00:00+00:00,84680.0,85254.17,84573.4,85189.41,1965.74104,84516.13221588897,84344.50838317818,,0.0,0.0,
2025-03-23 16:00:00+00:00,85189.41,85413.05,84800.0,85011.19,1581.19041,84639.89666191672,84418.5841183806,,0.0,0.0,
2025-03-23 20:00:00+00:00,85011.2,86129.64,84923.91,86082.5,2004.81333,85000.54749643753,84603.46366078276,,0.0,0.0,
2025-03-24 00:00:00+00:00,86082.5,86641.13,85519.09,86532.07,3571.64325,85383.42812232816,84817.75325402911,,0.0,0.0,
2025-03-24 04:00:00+00:00,86532.07,87300.0,86532.06,86874.52,4177.26747,85756.20109174612,85046.28289247032,,0.0,0.0,
2025-03-24 08:00:00+00:00,86874.52,87909.99,86838.76,87689.52,3734.28314,86239.53081880958,85339.97590441807,,0.0,0.0,
2025-03-24 12:00:00+00:00,87689.52,88765.43,87138.6,88350.01,8345.49659,86767.15061410719,85674.4241372605,,0.0,88765.43,
2025-03-24 16:00:00+00:00,88350.01,88536.0,87690.59,88222.0,5650.83508,87130.86296058039,85957.48812200934,,0.0,0.0,
2025-03-24 20:00:00+00:00,88222.01,88481.14,87050.6,87498.16,4636.09558,87222.6872204353,86128.67388623052,,0.0,0.0,
2025-03-25 00:00:00+00:00,87498.16,87679.25,86330.66,86520.88,2967.91856,87047.23541532648,86172.25234331602,,0.0,0.0,
2025-03-25 04:00:00+00:00,86520.89,86879.77,86310.0,86436.82,2925.77929,86894.63156149485,86201.64874961425,,86310.0,0.0,
2025-03-25 08:00:00+00:00,86436.82,87500.0,86406.49,87370.43,2680.08356,87013.58117112114,86331.51333299045,,0.0,0.0,
2025-03-25 12:00:00+00:00,87370.44,88258.8,86929.46,87774.37,5630.54013,87203.77837834085,86491.83074043595,,0.0,0.0,
2025-03-25 16:00:00+00:00,87774.37,88321.27,87588.59,88116.23,3269.38058,87431.89128375564,86672.31954705418,,0.0,0.0,
2025-03-25 20:00:00+00:00,88116.23,88539.63,87132.65,87392.87,5169.55036,87422.13596281673,86752.38070849261,,0.0,88539.63,
2025-03-26 00:00:00+00:00,87392.88,87892.14,87030.56,87153.51,2376.15356,87354.97947211255,86796.9506297712,,87030.56,0.0,
2025-03-26 04:00:00+00:00,87153.5,88275.0,87052.0,88140.45,2854.78166,87551.34710408442,86946.2283375744,,0.0,0.0,
2025-03-26 08:00:00+00:00,88140.45,88259.81,87837.49,87954.96,2414.73419,87652.25032806331,87058.30963339946,,0.0,0.0,
2025-03-26 12:00:00+00:00,87954.97,88000.0,86434.36,86752.52,5637.1011,87427.31774604748,87024.3330074662,,0.0,0.0,
2025-03-26 16:00:00+00:00,86752.52,87058.4,85860.0,86567.19,3006.95989,87212.28580953562,86973.53933996995,,85860.0,0.0,
2025-03-26 20:00:00+00:00,86567.18,87404.34,86520.1,86909.17,2119.05445,87136.50685715172,86966.3871910844,,0.0,0.0,
2025-03-27 00:00:00+00:00,86909.17,87756.39,86796.26,87670.18,1891.16422,87269.9251428638,87044.58639207503,,0.0,87756.39,
2025-03-27 04:00:00+00:00,87670.17,87691.34,87249.68,87399.99,1775.1179,87302.44135714785,87084.07568184446,,0.0,0.0,
2025-03-27 08:00:00+00:00,87399.99,87597.6,86787.0,86943.52,2195.77495,87212.71101786089,87068.45838386174,,0.0,0.0,
2025-03-27 12:00:00+00:00,86943.51,87575.0,85800.0,86974.07,7540.76727,87153.05076339567,87057.97078565488,,85800.0,0.0,
2025-03-27 16:00:00+00:00,86974.07,87429.21,86796.0,87060.41,2215.08868,87129.89057254675,87058.241809471,,0.0,0.0,
2025-03-27 20:00:00+00:00,87060.4,87728.27,86943.04,87232.01,1480.12595,87155.42042941006,87077.54938619645,,0.0,87728.27,
2025-03-28 00:00:00+00:00,87232.01,87515.67,86750.0,86787.16,1911.72045,87063.35532205756,87045.28389884128,,0.0,0.0,
2025-03-28 04:00:00+00:00,86787.17,86832.64,85162.48,85212.99,5671.09628,86600.76399154316,86841.69568785893,,0.0,0.0,
2025-03-28 08:00:00+00:00,85212.98,85441.25,84800.0,85255.26,4950.75977,86264.38799365738,86665.4250558746,,0.0,0.0,
2025-03-28 12:00:00+00:00,85255.25,85609.74,83953.86,84051.16,8382.63832,85711.08099524304,86374.95116077742,,0.0,0.0,
2025-03-28 16:00:00+00:00,84051.15,84217.61,83585.0,83790.73,3857.86312,85230.99324643228,86087.8154762466,,83585.0,0.0,
2025-03-28 20:00:00+00:00,83790.74,84538.69,83697.83,84424.38,2408.65375,85029.33993482421,85902.9893122192,,0.0,0.0,
2025-03-29 00:00:00+00:00,84424.38,84624.73,83709.67,84166.3,1526.01379,84813.57995111815,85710.02383308373,,0.0,84624.73,
2025-03-29 04:00:00+00:00,84166.3,84258.45,83662.86,83731.82,1103.52164,84543.13996333862,85490.22340718553,,0.0,0.0,
2025-03-29 08:00:00+00:00,83731.83,83947.42,82007.0,82293.56,3638.90117,83980.74497250396,85135.03858416493,,0.0,0.0,
2025-03-29 12:00:00+00:00,82293.56,82882.01,82145.22,82414.23,1960.74799,83589.11622937798,84832.72651925772,,0.0,0.0,
2025-03-29 16:00:00+00:00,82414.22,82758.41,81644.81,82758.4,2509.70729,83381.43717203347,84602.24579489575,,81644.81,0.0,
2025-03-29 20:00:00+00:00,82758.4,82787.29,82258.86,82648.54,957.50676,83198.2128790251,84385.16737324066,,0.0,0.0,
2025-03-30 00:00:00+00:00,82648.53,83503.53,82500.0,83088.81,1605.64112,83170.86215926883,84241.12766510282,,0.0,0.0,
2025-03-30 04:00:00+00:00,83088.82,83321.16,82868.96,83076.59,1238.4393,83147.29411945162,84111.7345912025,,0.0,0.0,
2025-03-30 08:00:00+00:00,83076.58,83534.64,82975.36,83111.76,1206.11965,83138.41058958872,84000.62630329111,,0.0,83534.64,
2025-03-30 12:00:00+00:00,83111.76,83268.05,82543.83,82729.57,2154.4379,83036.20044219153,83859.39782514765,,0.0,0.0,
2025-03-30 16:00:00+00:00,82729.57,82908.11,82050.4,82548.81,1581.53343,82914.35283164366,83713.7769556868,,0.0,0.0,
2025-03-30 20:00:00+00:00,82548.8,82757.7,81565.0,82389.99,2078.32368,82783.26212373274,83566.68951616605,,0.0,0.0,
2025-03-31 00:00:00+00:00,82390.0,82444.89,81278.52,81530.0,3137.45901,82469.94659279956,83340.39068103649,,81278.52,0.0,
2025-03-31 04:00:00+00:00,81530.0,82305.57,81400.0,81933.51,2427.84969,82335.83744459967,83184.07060536576,,0.0,0.0,
2025-03-31 08:00:00+00:00,81933.51,82272.0,81290.88,82205.51,3422.93239,82303.25558344976,83075.34164921401,,0.0,0.0,
2025-03-31 12:00:00+00:00,82205.5,83943.08,81656.0,83418.78,6957.92675,82582.13668758732,83113.501465968,,0.0,83943.08,
2025-03-31 16:00:00+00:00,83418.78,83694.29,82400.0,82462.27,2934.61931,82552.1700156905,83041.14241419378,,0.0,0.0,
2025-03-31 20:00:00+00:00,82462.26,82886.8,82265.1,82550.01,1688.3517,82551.63001176788,82986.57214595002,,0.0,0.0,
2025-04-01 00:00:00+00:00,82550.0,83256.8,82432.74,82962.84,2015.98624,82654.4325088259,82983.93524084447,,0.0,0.0,
2025-04-01 04:00:00+00:00,82962.84,83597.07,82886.87,83445.5,1822.06805,82852.19938161943,83035.22021408397,,0.0,0.0,
2025-04-01 08:00:00+00:00,83445.5,84504.74,83410.0,83930.3,4005.56934,83121.72453621458,83134.67352363019,,0.0,0.0,
2025-04-01 12:00:00+00:00,83930.31,85499.55,82544.0,85280.87,6895.46482,83661.51090216092,83373.13979878239,,82544.0,0.0,1.0
2025-04-01 16:00:00+00:00,85280.88,85493.0,84720.0,84972.01,3624.09611,83989.13567662069,83550.79204336212,,0.0,0.0,
2025-04-01 20:00:00+00:00,84972.0,85579.46,84773.58,85158.34,1827.21241,84281.43675746552,83729.40848298855,,0.0,85579.46,
2025-04-02 00:00:00+00:00,85158.35,85255.95,84504.21,84550.0,2397.00391,84348.57756809914,83820.58531821205,,0.0,0.0,
2025-04-02 04:00:00+00:00,84550.0,84726.42,83904.72,84426.33,2284.55226,84368.01567607436,83887.89028285515,,83904.72,0.0,
2025-04-02 08:00:00+00:00,84426.32,85450.0,84262.73,84566.91,2502.47319,84417.73925705577,83963.33691809347,,0.0,0.0,
2025-04-02 12:00:00+00:00,84566.91,87333.0,84462.69,86757.67,11182.5669,85002.72194279183,84273.81837163864,,0.0,0.0,
2025-04-02 16:00:00+00:00,86757.67,87333.0,86186.19,86900.02,6072.59633,85477.04645709388,84565.61855256768,,0.0,0.0,
2025-04-02 20:00:00+00:00,86900.01,88500.0,82320.0,82516.29,15492.26441,84736.85734282041,84337.91538006016,,0.0,88500.0,
2025-04-03 00:00:00+00:00,82516.28,83998.02,82175.98,83483.97,5644.57078,84423.63550711531,84243.03256005349,,82175.98,0.0,
2025-04-03 04:00:00+00:00,83483.97,83735.85,83000.0,83456.75,2431.18004,84181.91413033649,84155.66783115866,,0.0,0.0,
2025-04-03 08:00:00+00:00,83456.76,83788.23,83047.0,83096.01,3208.79996,83910.43809775237,84037.92807214103,,0.0,0.0,
2025-04-03 12:00:00+00:00,83096.01,83147.95,81211.24,82039.31,8823.0587,83442.65607331428,83815.8593974587,,81211.24,0.0,
2025-04-03 16:00:00+00:00,82039.32,82448.21,81540.0,82008.7,4137.47371,83084.16705498571,83615.06390885217,,0.0,0.0,
2025-04-03 20:00:00+00:00,82009.76,83332.2,81800.0,83213.09,3092.75816,83116.39779123929,83570.40014120193,,0.0,0.0,
2025-04-04 00:00:00+00:00,83213.09,83413.46,82577.63,82818.52,3041.69884,83041.92834342946,83486.8579032906,,0.0,0.0,
2025-04-04 04:00:00+00:00,82818.53,84000.0,82615.36,83992.85,3091.86585,83279.65875757209,83543.07924736942,,0.0,0.0,
2025-04-04 08:00:00+00:00,83992.85,84720.0,81659.0,82680.45,9682.53553,83129.85656817906,83447.23155321727,,81659.0,84720.0,
2025-04-04 12:00:00+00:00,82680.44,83716.0,81849.05,82860.0,10092.60459,83062.39242613429,83381.9836028598,,0.0,0.0,
2025-04-04 16:00:00+00:00,82860.0,84620.01,82736.0,84009.99,5374.18478,83299.29181960072,83451.76209143092,,0.0,0.0,
2025-04-04 20:00:00+00:00,84010.0,84450.0,83492.95,83889.87,1632.65017,83446.93636470054,83500.4407479386,,0.0,0.0,
2025-04-05 00:00:00+00:00,83889.87,84266.0,83395.46,83624.01,1705.75257,83491.2047735254,83514.17066483431,,0.0,0.0,
2025-04-05 04:00:00+00:00,83624.01,83868.0,83297.66,83525.34,1280.95023,83499.73858014405,83515.41170207494,,0.0,0.0,
2025-04-05 08:00:00+00:00,83525.33,83894.7,83359.64,83452.69,1233.29028,83487.97643510804,83508.4426240666,,0.0,0.0,
2025-04-05 12:00:00+00:00,83452.69,83550.68,82379.95,82618.26,2576.97263,83270.54732633103,83409.53344361477,,82379.95,0.0,
2025-04-05 16:00:00+00:00,82618.25,83146.0,82607.05,82860.0,974.18344,83167.91049474827,83348.47417210201,,0.0,0.0,
2025-04-05 20:00:00+00:00,82859.99,83688.0,82833.0,83537.99,1589.25553,83260.4303710612,83369.5314863129,,0.0,0.0,
2025-04-06 00:00:00+00:00,83537.99,83817.63,83163.45,83344.14,1209.45565,83281.3577782959,83366.71021005591,,0.0,83817.63,
2025-04-06 04:00:00+00:00,83344.14,83533.01,83024.96,83024.96,1005.20003,83217.25833372193,83328.73796449414,,0.0,0.0,
2025-04-06 08:00:00+00:00,83024.97,83172.0,82666.0,82855.99,1208.00762,83126.94125029145,83276.21041288368,,0.0,0.0,
2025-04-06 12:00:00+00:00,82855.99,82981.14,82217.83,82548.36,2530.9727,82982.29593771859,83195.33814478549,,0.0,0.0,
2025-04-06 16:00:00+00:00,82548.36,82554.15,78694.99,79614.35,10204.27054,82140.30945328894,82797.45057314266,,0.0,0.0,
2025-04-06 20:00:00+00:00,79614.34,79890.16,77153.83,78430.0,11784.80782,81212.73208996671,82312.17828723793,,0.0,0.0,
2025-04-07 00:00:00+00:00,78430.0,79347.46,77354.0,77707.77,8315.40751,80336.49156747504,81800.57736643372,,0.0,0.0,
2025-04-07 04:00:00+00:00,77707.78,77984.0,74508.0,75126.01,18943.308,79033.87117560627,81058.9587701633,,74508.0,0.0,
2025-04-07 08:00:00+00:00,75126.01,77577.88,75085.74,76685.62,10044.53318,78446.8083817047,80573.03224014516,,0.0,0.0,
2025-04-07 12:00:00+00:00,76685.62,81243.58,75789.01,78479.9,27708.97146,78455.08128627852,80340.46199124014,,0.0,81243.58,
2025-04-07 16:00:00+00:00,78479.91,79365.46,77313.2,78130.44,8830.92097,78373.9209647089,80094.90399221345,,0.0,0.0,
2025-04-07 20:00:00+00:00,78130.43,80218.88,78102.91,79163.24,4544.38977,78571.25072353167,79991.3857708564,,0.0,0.0,
2025-04-08 00:00:00+00:00,79163.24,80867.99,78772.14,79904.0,4941.96291,78904.43804264875,79981.67624076124,,0.0,80867.99,
2025-04-08 04:00:00+00:00,79904.0,80413.49,79219.9,79496.0,3302.12711,79052.32853198657,79927.71221401,,0.0,0.0,
2025-04-08 08:00:00+00:00,79496.01,80077.65,78819.65,79982.0,4257.73055,79284.74639898993,79933.74419023111,,0.0,0.0,
2025-04-08 12:00:00+00:00,79982.0,80375.0,78175.14,78497.99,8857.72421,79088.05729924244,79774.2159468721,,0.0,0.0,
2025-04-08 16:00:00+00:00,78498.0,78522.72,76334.65,76854.05,10762.74484,78529.55547443184,79449.75306388631,,0.0,0.0,
2025-04-08 20:00:00+00:00,76854.05,77285.5,76239.9,76322.42,3195.03101,77977.77160582387,79102.2716123434,,0.0,0.0,
2025-04-09 00:00:00+00:00,76322.42,76868.28,74620.0,75073.33,9779.68513,77251.6612043679,78654.61143319412,,0.0,0.0,
2025-04-09 04:00:00+00:00,75073.34,77979.3,75000.0,77694.12,9140.27184,77362.27590327593,78547.89016283922,,0.0,0.0,
